2026-09-05 12:19:25.801 +00:00 [WRN] Storing keys in a directory '/root/.aspnet/DataProtection-Keys' that may not be persisted outside of the container. Protected data will be unavailable when container is destroyed. For more information go to https://aka.ms/aspnet/dataprotectionwarning
2026-09-05 12:19:25.832 +00:00 [INF] User profile is available. Using '/root/.aspnet/DataProtection-Keys' as key repository; keys will not be encrypted at rest.
2026-09-05 12:19:25.842 +00:00 [INF] Creating key {14db71c4-5776-4378-b32d-35774231e813} with creation date 2026-09-05 12:19:25Z, activation date 2026-09-05 12:19:25Z, and expiration date 2026-12-04 12:19:25Z.
2026-09-05 12:19:25.855 +00:00 [WRN] No XML encryptor configured. Key {14db71c4-5776-4378-b32d-35774231e813} may be persisted to storage in unencrypted form.
2026-09-05 12:19:25.859 +00:00 [INF] Writing data to file '/root/.aspnet/DataProtection-Keys/key-14db71c4-5776-4378-b32d-35774231e813.xml'.
2026-09-05 12:19:25.868 +00:00 [WRN] Overriding HTTP_PORTS '8080' and HTTPS_PORTS ''. Binding to values defined by URLS instead 'http://+:8080'.
2026-09-05 12:19:25.895 +00:00 [INF] Now listening on: http://[::]:8080
2026-09-05 12:19:25.896 +00:00 [INF] Application started. Press Ctrl+C to shut down.
2026-09-05 12:19:25.896 +00:00 [INF] Hosting environment: Development
2026-09-05 12:19:25.896 +00:00 [INF] Content root path: /src
2026-09-05 13:10:12.245 +00:00 [INF] Application is shutting down...
2026-09-05 13:10:30.241 +00:00 [WRN] Storing keys in a directory '/root/.aspnet/DataProtection-Keys' that may not be persisted outside of the container. Protected data will be unavailable when container is destroyed. For more information go to https://aka.ms/aspnet/dataprotectionwarning
2026-09-05 13:10:30.269 +00:00 [INF] User profile is available. Using '/root/.aspnet/DataProtection-Keys' as key repository; keys will not be encrypted at rest.
2026-09-05 13:10:30.279 +00:00 [INF] Creating key {e3f72917-9820-4577-904f-ef6181817a5c} with creation date 2026-09-05 13:10:30Z, activation date 2026-09-05 13:10:30Z, and expiration date 2026-12-04 13:10:30Z.
2026-09-05 13:10:30.289 +00:00 [WRN] No XML encryptor configured. Key {e3f72917-9820-4577-904f-ef6181817a5c} may be persisted to storage in unencrypted form.
2026-09-05 13:10:30.292 +00:00 [INF] Writing data to file '/root/.aspnet/DataProtection-Keys/key-e3f72917-9820-4577-904f-ef6181817a5c.xml'.
2026-09-05 13:10:30.302 +00:00 [WRN] Overriding HTTP_PORTS '8080' and HTTPS_PORTS ''. Binding to values defined by URLS instead 'http://+:8080'.
2026-09-05 13:10:30.328 +00:00 [INF] Now listening on: http://[::]:8080
2026-09-05 13:10:30.329 +00:00 [INF] Application started. Press Ctrl+C to shut down.
2026-09-05 13:10:30.329 +00:00 [INF] Hosting environment: Development
2026-09-05 13:10:30.330 +00:00 [INF] Content root path: /src
2026-09-05 13:33:47.815 +00:00 [INF] Application is shutting down...
2026-09-05 13:36:33.287 +00:00 [INF] Executed DbCommand (31ms) [Parameters=[], CommandType='"Text"', CommandTimeout='30']
SELECT EXISTS (
    SELECT 1 FROM pg_catalog.pg_class c
    JOIN pg_catalog.pg_namespace n ON n.oid=c.relnamespace
    WHERE n.nspname='public' AND
          c.relname='__EFMigrationsHistory'
)
2026-09-05 13:36:33.332 +00:00 [INF] Executed DbCommand (4ms) [Parameters=[], CommandType='"Text"', CommandTimeout='30']
SELECT "MigrationId", "ProductVersion"
FROM "__EFMigrationsHistory"
ORDER BY "MigrationId";
2026-09-05 13:36:33.345 +00:00 [INF] Executed DbCommand (1ms) [Parameters=[], CommandType='"Text"', CommandTimeout='30']
SELECT EXISTS (
    SELECT 1 FROM pg_catalog.pg_class c
    JOIN pg_catalog.pg_namespace n ON n.oid=c.relnamespace
    WHERE n.nspname='public' AND
          c.relname='__EFMigrationsHistory'
)
2026-09-05 13:36:33.353 +00:00 [INF] Executed DbCommand (1ms) [Parameters=[], CommandType='"Text"', CommandTimeout='30']
SELECT EXISTS (
    SELECT 1 FROM pg_catalog.pg_class c
    JOIN pg_catalog.pg_namespace n ON n.oid=c.relnamespace
    WHERE n.nspname='public' AND
          c.relname='__EFMigrationsHistory'
)
2026-09-05 13:36:33.355 +00:00 [INF] Executed DbCommand (1ms) [Parameters=[], CommandType='"Text"', CommandTimeout='30']
SELECT "MigrationId", "ProductVersion"
FROM "__EFMigrationsHistory"
ORDER BY "MigrationId";
2026-09-05 13:36:33.364 +00:00 [INF] Applying migration '20260905133423_AddUsers'.
2026-09-05 13:36:33.416 +00:00 [INF] Executed DbCommand (29ms) [Parameters=[], CommandType='"Text"', CommandTimeout='30']
CREATE TABLE "Users" (
    "Id" integer GENERATED BY DEFAULT AS IDENTITY,
    "Name" character varying(200) NOT NULL,
    "Email" character varying(200) NOT NULL,
    "PasswordHash" text NOT NULL,
    "Role" character varying(50) NOT NULL DEFAULT 'User',
    "CreatedAt" timestamp with time zone NOT NULL,
    CONSTRAINT "PK_Users" PRIMARY KEY ("Id")
);
2026-09-05 13:36:33.422 +00:00 [INF] Executed DbCommand (5ms) [Parameters=[], CommandType='"Text"', CommandTimeout='30']
CREATE UNIQUE INDEX "IX_Users_Email" ON "Users" ("Email");
2026-09-05 13:36:33.424 +00:00 [INF] Executed DbCommand (1ms) [Parameters=[], CommandType='"Text"', CommandTimeout='30']
INSERT INTO "__EFMigrationsHistory" ("MigrationId", "ProductVersion")
VALUES ('20260905133423_AddUsers', '8.0.0');
2026-09-05 13:36:56.265 +00:00 [WRN] Storing keys in a directory '/root/.aspnet/DataProtection-Keys' that may not be persisted outside of the container. Protected data will be unavailable when container is destroyed. For more information go to https://aka.ms/aspnet/dataprotectionwarning
2026-09-05 13:36:56.298 +00:00 [INF] User profile is available. Using '/root/.aspnet/DataProtection-Keys' as key repository; keys will not be encrypted at rest.
2026-09-05 13:36:56.306 +00:00 [INF] Creating key {72f991bd-aa4a-44d9-9f60-c47059dc905a} with creation date 2026-09-05 13:36:56Z, activation date 2026-09-05 13:36:56Z, and expiration date 2026-12-04 13:36:56Z.
2026-09-05 13:36:56.318 +00:00 [WRN] No XML encryptor configured. Key {72f991bd-aa4a-44d9-9f60-c47059dc905a} may be persisted to storage in unencrypted form.
2026-09-05 13:36:56.323 +00:00 [INF] Writing data to file '/root/.aspnet/DataProtection-Keys/key-72f991bd-aa4a-44d9-9f60-c47059dc905a.xml'.
2026-09-05 13:36:56.333 +00:00 [WRN] Overriding HTTP_PORTS '8080' and HTTPS_PORTS ''. Binding to values defined by URLS instead 'http://+:8080'.
2026-09-05 13:36:56.361 +00:00 [INF] Now listening on: http://[::]:8080
2026-09-05 13:36:56.361 +00:00 [INF] Application started. Press Ctrl+C to shut down.
2026-09-05 13:36:56.362 +00:00 [INF] Hosting environment: Development
2026-09-05 13:36:56.362 +00:00 [INF] Content root path: /src
2026-09-05 13:37:01.287 +00:00 [INF] Request starting HTTP/1.1 GET http://localhost:8080/products/health - null null
2026-09-05 13:37:01.332 +00:00 [INF] Executing endpoint 'ProductsApi.Modules.Products.ProductsController.Health (ProductsApi)'
2026-09-05 13:37:01.343 +00:00 [INF] Route matched with {action = "Health", controller = "Products"}. Executing controller action with signature Microsoft.AspNetCore.Mvc.IActionResult Health() on controller ProductsApi.Modules.Products.ProductsController (ProductsApi).
2026-09-05 13:37:01.688 +00:00 [INF] Executing OkObjectResult, writing value of type '<>f__AnonymousType4`1[[System.String, System.Private.CoreLib, Version=8.0.0.0, Culture=neutral, PublicKeyToken=7cec85d7bea7798e]]'.
2026-09-05 13:37:01.705 +00:00 [INF] Executed action ProductsApi.Modules.Products.ProductsController.Health (ProductsApi) in 358.7402ms
2026-09-05 13:37:01.708 +00:00 [INF] Executed endpoint 'ProductsApi.Modules.Products.ProductsController.Health (ProductsApi)'
2026-09-05 13:37:01.709 +00:00 [INF] HTTP GET /products/health responded 200 in 403.9145 ms
2026-09-05 13:37:01.714 +00:00 [INF] Request finished HTTP/1.1 GET http://localhost:8080/products/health - 200 null application/json; charset=utf-8 428.2705ms
2026-09-05 13:37:09.627 +00:00 [INF] Request starting HTTP/1.1 GET http://localhost:8080/users/register - application/json 80
2026-09-05 13:37:09.633 +00:00 [INF] Executing endpoint '405 HTTP Method Not Supported'
2026-09-05 13:37:09.634 +00:00 [INF] Executed endpoint '405 HTTP Method Not Supported'
2026-09-05 13:37:09.635 +00:00 [INF] HTTP GET /users/register responded 405 in 3.5051 ms
2026-09-05 13:37:09.636 +00:00 [INF] Request finished HTTP/1.1 GET http://localhost:8080/users/register - 405 0 null 9.4526ms
2026-09-05 13:38:49.268 +00:00 [INF] Request starting HTTP/1.1 POST http://localhost:8080/users/register - application/json 80
2026-09-05 13:38:49.272 +00:00 [INF] Executing endpoint 'ProductsApi.Modules.Users.UsersController.Register (ProductsApi)'
2026-09-05 13:38:49.283 +00:00 [INF] Route matched with {action = "Register", controller = "Users"}. Executing controller action with signature System.Threading.Tasks.Task`1[Microsoft.AspNetCore.Mvc.IActionResult] Register(ProductsApi.Modules.Users.Application.DTOs.RegisterDto) on controller ProductsApi.Modules.Users.UsersController (ProductsApi).
2026-09-05 13:38:49.623 +00:00 [INF] Executed DbCommand (30ms) [Parameters=[@__email_0='?'], CommandType='"Text"', CommandTimeout='30']
SELECT u."Id", u."CreatedAt", u."Email", u."Name", u."PasswordHash", u."Role"
FROM "Users" AS u
WHERE u."Email" = @__email_0
LIMIT 1
2026-09-05 13:38:50.071 +00:00 [INF] Executed DbCommand (6ms) [Parameters=[@p0='?' (DbType = DateTime), @p1='?', @p2='?', @p3='?', @p4='?'], CommandType='"Text"', CommandTimeout='30']
INSERT INTO "Users" ("CreatedAt", "Email", "Name", "PasswordHash", "Role")
VALUES (@p0, @p1, @p2, @p3, @p4)
RETURNING "Id";
2026-09-05 13:38:50.099 +00:00 [INF] Executing CreatedAtActionResult, writing value of type 'ProductsApi.Modules.Users.Application.DTOs.AuthResponse'.
2026-09-05 13:38:50.111 +00:00 [INF] Executed action ProductsApi.Modules.Users.UsersController.Register (ProductsApi) in 827.53ms
2026-09-05 13:38:50.112 +00:00 [INF] Executed endpoint 'ProductsApi.Modules.Users.UsersController.Register (ProductsApi)'
2026-09-05 13:38:50.113 +00:00 [INF] HTTP POST /users/register responded 201 in 842.6451 ms
2026-09-05 13:38:50.116 +00:00 [INF] Request finished HTTP/1.1 POST http://localhost:8080/users/register - 201 null application/json; charset=utf-8 848.1261ms
2026-09-05 13:40:14.880 +00:00 [INF] Request starting HTTP/1.1 GET http://localhost:8080/users/me - application/json 9
2026-09-05 13:40:14.907 +00:00 [INF] Executing endpoint 'ProductsApi.Modules.Users.UsersController.GetMe (ProductsApi)'
2026-09-05 13:40:14.910 +00:00 [INF] Route matched with {action = "GetMe", controller = "Users"}. Executing controller action with signature System.Threading.Tasks.Task`1[Microsoft.AspNetCore.Mvc.IActionResult] GetMe() on controller ProductsApi.Modules.Users.UsersController (ProductsApi).
2026-09-05 13:40:14.939 +00:00 [INF] Executed DbCommand (2ms) [Parameters=[@__p_0='?' (DbType = Int32)], CommandType='"Text"', CommandTimeout='30']
SELECT u."Id", u."CreatedAt", u."Email", u."Name", u."PasswordHash", u."Role"
FROM "Users" AS u
WHERE u."Id" = @__p_0
LIMIT 1
2026-09-05 13:40:14.944 +00:00 [INF] Executing OkObjectResult, writing value of type 'ProductsApi.Modules.Users.Application.DTOs.UserResponse'.
2026-09-05 13:40:14.952 +00:00 [INF] Executed action ProductsApi.Modules.Users.UsersController.GetMe (ProductsApi) in 41.8586ms
2026-09-05 13:40:14.952 +00:00 [INF] Executed endpoint 'ProductsApi.Modules.Users.UsersController.GetMe (ProductsApi)'
2026-09-05 13:40:14.953 +00:00 [INF] HTTP GET /users/me responded 200 in 71.9547 ms
2026-09-05 13:40:14.954 +00:00 [INF] Request finished HTTP/1.1 GET http://localhost:8080/users/me - 200 null application/json; charset=utf-8 73.7151ms
2026-09-05 13:40:21.265 +00:00 [INF] Request starting HTTP/1.1 GET http://localhost:8080/users/me - application/json 9
2026-09-05 13:40:21.276 +00:00 [INF] Failed to validate the token.
Microsoft.IdentityModel.Tokens.SecurityTokenSignatureKeyNotFoundException: IDX10503: Signature validation failed. Token does not have a kid. Keys tried: '[PII of type 'System.Text.StringBuilder' is hidden. For more details, see https://aka.ms/IdentityModel/PII.]'. Number of keys in TokenValidationParameters: '1'. 
Number of keys in Configuration: '0'. 
Exceptions caught:
 '[PII of type 'System.Text.StringBuilder' is hidden. For more details, see https://aka.ms/IdentityModel/PII.]'.
token: '[PII of type 'Microsoft.IdentityModel.JsonWebTokens.JsonWebToken' is hidden. For more details, see https://aka.ms/IdentityModel/PII.]'. See https://aka.ms/IDX10503 for details.
   at Microsoft.IdentityModel.JsonWebTokens.JsonWebTokenHandler.ValidateSignature(JsonWebToken jwtToken, TokenValidationParameters validationParameters, BaseConfiguration configuration)
   at Microsoft.IdentityModel.JsonWebTokens.JsonWebTokenHandler.ValidateSignatureAndIssuerSecurityKey(JsonWebToken jsonWebToken, TokenValidationParameters validationParameters, BaseConfiguration configuration)
   at Microsoft.IdentityModel.JsonWebTokens.JsonWebTokenHandler.ValidateJWSAsync(JsonWebToken jsonWebToken, TokenValidationParameters validationParameters, BaseConfiguration configuration)
2026-09-05 13:40:21.277 +00:00 [INF] Bearer was not authenticated. Failure message: IDX10503: Signature validation failed. Token does not have a kid. Keys tried: '[PII of type 'System.Text.StringBuilder' is hidden. For more details, see https://aka.ms/IdentityModel/PII.]'. Number of keys in TokenValidationParameters: '1'. 
Number of keys in Configuration: '0'. 
Exceptions caught:
 '[PII of type 'System.Text.StringBuilder' is hidden. For more details, see https://aka.ms/IdentityModel/PII.]'.
token: '[PII of type 'Microsoft.IdentityModel.JsonWebTokens.JsonWebToken' is hidden. For more details, see https://aka.ms/IdentityModel/PII.]'. See https://aka.ms/IDX10503 for details.
2026-09-05 13:40:21.280 +00:00 [INF] Authorization failed. These requirements were not met:
DenyAnonymousAuthorizationRequirement: Requires an authenticated user.
2026-09-05 13:40:21.283 +00:00 [INF] AuthenticationScheme: Bearer was challenged.
2026-09-05 13:40:21.284 +00:00 [INF] HTTP GET /users/me responded 401 in 17.6052 ms
2026-09-05 13:40:21.285 +00:00 [INF] Request finished HTTP/1.1 GET http://localhost:8080/users/me - 401 0 null 19.3933ms
2026-09-05 13:40:32.699 +00:00 [INF] Request starting HTTP/1.1 GET http://localhost:8080/products - null null
2026-09-05 13:40:32.700 +00:00 [INF] Executing endpoint 'ProductsApi.Modules.Products.ProductsController.GetAll (ProductsApi)'
2026-09-05 13:40:32.702 +00:00 [INF] Route matched with {action = "GetAll", controller = "Products"}. Executing controller action with signature System.Threading.Tasks.Task`1[Microsoft.AspNetCore.Mvc.IActionResult] GetAll() on controller ProductsApi.Modules.Products.ProductsController (ProductsApi).
2026-09-05 13:40:32.716 +00:00 [INF] Executed DbCommand (5ms) [Parameters=[], CommandType='"Text"', CommandTimeout='30']
SELECT p."Id", p."CreatedAt", p."Description", p."Name", p."Price", p."Stock"
FROM "Products" AS p
2026-09-05 13:40:32.729 +00:00 [INF] Executing OkObjectResult, writing value of type 'System.Linq.Enumerable+SelectListIterator`2[[ProductsApi.Modules.Products.Domain.Entities.Product, ProductsApi, Version=1.0.0.0, Culture=neutral, PublicKeyToken=null],[ProductsApi.Modules.Products.Application.DTOs.ProductResponse, ProductsApi, Version=1.0.0.0, Culture=neutral, PublicKeyToken=null]]'.
2026-09-05 13:40:32.737 +00:00 [INF] Executed action ProductsApi.Modules.Products.ProductsController.GetAll (ProductsApi) in 34.1122ms
2026-09-05 13:40:32.737 +00:00 [INF] Executed endpoint 'ProductsApi.Modules.Products.ProductsController.GetAll (ProductsApi)'
2026-09-05 13:40:32.737 +00:00 [INF] HTTP GET /products responded 200 in 37.8920 ms
2026-09-05 13:40:32.738 +00:00 [INF] Request finished HTTP/1.1 GET http://localhost:8080/products - 200 null application/json; charset=utf-8 39.1485ms
2026-09-05 13:40:45.785 +00:00 [INF] Request starting HTTP/1.1 POST http://localhost:8080/products - application/json 110
2026-09-05 13:40:45.787 +00:00 [INF] Authorization failed. These requirements were not met:
RolesAuthorizationRequirement:User.IsInRole must be true for one of the following roles: (Admin)
2026-09-05 13:40:45.788 +00:00 [INF] AuthenticationScheme: Bearer was forbidden.
2026-09-05 13:40:45.789 +00:00 [INF] HTTP POST /products responded 403 in 3.5863 ms
2026-09-05 13:40:45.789 +00:00 [INF] Request finished HTTP/1.1 POST http://localhost:8080/products - 403 0 null 4.8099ms
2026-09-05 13:40:55.016 +00:00 [INF] Request starting HTTP/1.1 POST http://localhost:8080/products - application/json 95
2026-09-05 13:40:55.017 +00:00 [INF] Authorization failed. These requirements were not met:
RolesAuthorizationRequirement:User.IsInRole must be true for one of the following roles: (Admin)
2026-09-05 13:40:55.017 +00:00 [INF] AuthenticationScheme: Bearer was forbidden.
2026-09-05 13:40:55.017 +00:00 [INF] HTTP POST /products responded 403 in 0.9868 ms
2026-09-05 13:40:55.018 +00:00 [INF] Request finished HTTP/1.1 POST http://localhost:8080/products - 403 0 null 2.1159ms
2026-09-05 13:41:02.154 +00:00 [INF] Request starting HTTP/1.1 POST http://localhost:8080/products - application/json 95
2026-09-05 13:41:02.155 +00:00 [INF] Authorization failed. These requirements were not met:
RolesAuthorizationRequirement:User.IsInRole must be true for one of the following roles: (Admin)
2026-09-05 13:41:02.155 +00:00 [INF] AuthenticationScheme: Bearer was forbidden.
2026-09-05 13:41:02.156 +00:00 [INF] HTTP POST /products responded 403 in 0.8493 ms
2026-09-05 13:41:02.156 +00:00 [INF] Request finished HTTP/1.1 POST http://localhost:8080/products - 403 0 null 2.0602ms
2026-09-05 13:41:28.928 +00:00 [INF] Request starting HTTP/1.1 POST http://localhost:8080/products - application/json 95
2026-09-05 13:41:28.930 +00:00 [INF] Authorization failed. These requirements were not met:
RolesAuthorizationRequirement:User.IsInRole must be true for one of the following roles: (Admin)
2026-09-05 13:41:28.930 +00:00 [INF] AuthenticationScheme: Bearer was forbidden.
2026-09-05 13:41:28.931 +00:00 [INF] HTTP POST /products responded 403 in 1.8228 ms
2026-09-05 13:41:28.932 +00:00 [INF] Request finished HTTP/1.1 POST http://localhost:8080/products - 403 0 null 3.5723ms
2026-09-05 13:42:44.375 +00:00 [INF] Request starting HTTP/1.1 GET http://localhost:8080/users/me - application/json 9
2026-09-05 13:42:44.377 +00:00 [INF] Executing endpoint 'ProductsApi.Modules.Users.UsersController.GetMe (ProductsApi)'
2026-09-05 13:42:44.377 +00:00 [INF] Route matched with {action = "GetMe", controller = "Users"}. Executing controller action with signature System.Threading.Tasks.Task`1[Microsoft.AspNetCore.Mvc.IActionResult] GetMe() on controller ProductsApi.Modules.Users.UsersController (ProductsApi).
2026-09-05 13:42:44.386 +00:00 [INF] Executed DbCommand (2ms) [Parameters=[@__p_0='?' (DbType = Int32)], CommandType='"Text"', CommandTimeout='30']
SELECT u."Id", u."CreatedAt", u."Email", u."Name", u."PasswordHash", u."Role"
FROM "Users" AS u
WHERE u."Id" = @__p_0
LIMIT 1
2026-09-05 13:42:44.387 +00:00 [INF] Executing OkObjectResult, writing value of type 'ProductsApi.Modules.Users.Application.DTOs.UserResponse'.
2026-09-05 13:42:44.387 +00:00 [INF] Executed action ProductsApi.Modules.Users.UsersController.GetMe (ProductsApi) in 9.8933ms
2026-09-05 13:42:44.388 +00:00 [INF] Executed endpoint 'ProductsApi.Modules.Users.UsersController.GetMe (ProductsApi)'
2026-09-05 13:42:44.388 +00:00 [INF] HTTP GET /users/me responded 200 in 12.3536 ms
2026-09-05 13:42:44.389 +00:00 [INF] Request finished HTTP/1.1 GET http://localhost:8080/users/me - 200 null application/json; charset=utf-8 13.827ms
2026-09-05 13:55:40.704 +00:00 [INF] Request starting HTTP/1.1 POST http://localhost:8080/users/register - application/json 99
2026-09-05 13:55:40.706 +00:00 [INF] Executing endpoint 'ProductsApi.Modules.Users.UsersController.Register (ProductsApi)'
2026-09-05 13:55:40.709 +00:00 [INF] Route matched with {action = "Register", controller = "Users"}. Executing controller action with signature System.Threading.Tasks.Task`1[Microsoft.AspNetCore.Mvc.IActionResult] Register(ProductsApi.Modules.Users.Application.DTOs.RegisterDto) on controller ProductsApi.Modules.Users.UsersController (ProductsApi).
2026-09-05 13:55:40.714 +00:00 [INF] Executed action ProductsApi.Modules.Users.UsersController.Register (ProductsApi) in 4.8614ms
2026-09-05 13:55:40.715 +00:00 [INF] Executed endpoint 'ProductsApi.Modules.Users.UsersController.Register (ProductsApi)'
2026-09-05 13:55:40.716 +00:00 [ERR] Erro não tratado: Deserialization of types without a parameterless constructor, a singular parameterized constructor, or a parameterized constructor annotated with 'JsonConstructorAttribute' is not supported. Type 'ProductsApi.Modules.Users.Application.DTOs.RegisterDto'. Path: $ | LineNumber: 0 | BytePositionInLine: 1. | Path: /users/register | Method: POST
System.NotSupportedException: Deserialization of types without a parameterless constructor, a singular parameterized constructor, or a parameterized constructor annotated with 'JsonConstructorAttribute' is not supported. Type 'ProductsApi.Modules.Users.Application.DTOs.RegisterDto'. Path: $ | LineNumber: 0 | BytePositionInLine: 1.
 ---> System.NotSupportedException: Deserialization of types without a parameterless constructor, a singular parameterized constructor, or a parameterized constructor annotated with 'JsonConstructorAttribute' is not supported. Type 'ProductsApi.Modules.Users.Application.DTOs.RegisterDto'.
   --- End of inner exception stack trace ---
   at System.Text.Json.ThrowHelper.ThrowNotSupportedException(ReadStack& state, Utf8JsonReader& reader, NotSupportedException ex)
   at System.Text.Json.Serialization.Converters.ObjectDefaultConverter`1.OnTryRead(Utf8JsonReader& reader, Type typeToConvert, JsonSerializerOptions options, ReadStack& state, T& value)
   at System.Text.Json.Serialization.JsonConverter`1.TryRead(Utf8JsonReader& reader, Type typeToConvert, JsonSerializerOptions options, ReadStack& state, T& value, Boolean& isPopulatedValue)
   at System.Text.Json.Serialization.JsonConverter`1.ReadCore(Utf8JsonReader& reader, JsonSerializerOptions options, ReadStack& state)
   at System.Text.Json.Serialization.Metadata.JsonTypeInfo`1.ContinueDeserialize(ReadBufferState& bufferState, JsonReaderState& jsonReaderState, ReadStack& readStack)
   at System.Text.Json.Serialization.Metadata.JsonTypeInfo`1.DeserializeAsync(Stream utf8Json, CancellationToken cancellationToken)
   at System.Text.Json.Serialization.Metadata.JsonTypeInfo`1.DeserializeAsObjectAsync(Stream utf8Json, CancellationToken cancellationToken)
   at Microsoft.AspNetCore.Mvc.Formatters.SystemTextJsonInputFormatter.ReadRequestBodyAsync(InputFormatterContext context, Encoding encoding)
   at Microsoft.AspNetCore.Mvc.Formatters.SystemTextJsonInputFormatter.ReadRequestBodyAsync(InputFormatterContext context, Encoding encoding)
   at Microsoft.AspNetCore.Mvc.ModelBinding.Binders.BodyModelBinder.BindModelAsync(ModelBindingContext bindingContext)
   at Microsoft.AspNetCore.Mvc.ModelBinding.ParameterBinder.BindModelAsync(ActionContext actionContext, IModelBinder modelBinder, IValueProvider valueProvider, ParameterDescriptor parameter, ModelMetadata metadata, Object value, Object container)
   at Microsoft.AspNetCore.Mvc.Controllers.ControllerBinderDelegateProvider.<>c__DisplayClass0_0.<<CreateBinderDelegate>g__Bind|0>d.MoveNext()
--- End of stack trace from previous location ---
   at Microsoft.AspNetCore.Mvc.Infrastructure.ControllerActionInvoker.<InvokeInnerFilterAsync>g__Awaited|13_0(ControllerActionInvoker invoker, Task lastTask, State next, Scope scope, Object state, Boolean isCompleted)
   at Microsoft.AspNetCore.Mvc.Infrastructure.ResourceInvoker.<InvokeFilterPipelineAsync>g__Awaited|20_0(ResourceInvoker invoker, Task lastTask, State next, Scope scope, Object state, Boolean isCompleted)
   at Microsoft.AspNetCore.Mvc.Infrastructure.ResourceInvoker.<InvokeAsync>g__Logged|17_1(ResourceInvoker invoker)
   at Microsoft.AspNetCore.Mvc.Infrastructure.ResourceInvoker.<InvokeAsync>g__Logged|17_1(ResourceInvoker invoker)
   at Microsoft.AspNetCore.Routing.EndpointMiddleware.<Invoke>g__AwaitRequestTask|7_0(Endpoint endpoint, Task requestTask, ILogger logger)
   at Microsoft.AspNetCore.Authorization.AuthorizationMiddleware.Invoke(HttpContext context)
   at Microsoft.AspNetCore.Authentication.AuthenticationMiddleware.Invoke(HttpContext context)
   at ProductsApi.Infrastructure.Middleware.GlobalExceptionMiddleware.InvokeAsync(HttpContext context)
2026-09-05 13:55:40.727 +00:00 [ERR] HTTP POST /users/register responded 500 in 21.2526 ms
2026-09-05 13:55:40.728 +00:00 [INF] Request finished HTTP/1.1 POST http://localhost:8080/users/register - 500 null application/json 23.3411ms
2026-09-05 13:56:11.167 +00:00 [INF] Request starting HTTP/1.1 POST http://localhost:8080/users/register - application/json 99
2026-09-05 13:56:11.169 +00:00 [INF] Executing endpoint 'ProductsApi.Modules.Users.UsersController.Register (ProductsApi)'
2026-09-05 13:56:11.170 +00:00 [INF] Route matched with {action = "Register", controller = "Users"}. Executing controller action with signature System.Threading.Tasks.Task`1[Microsoft.AspNetCore.Mvc.IActionResult] Register(ProductsApi.Modules.Users.Application.DTOs.RegisterDto) on controller ProductsApi.Modules.Users.UsersController (ProductsApi).
2026-09-05 13:56:11.171 +00:00 [INF] Executed action ProductsApi.Modules.Users.UsersController.Register (ProductsApi) in 1.3031ms
2026-09-05 13:56:11.171 +00:00 [INF] Executed endpoint 'ProductsApi.Modules.Users.UsersController.Register (ProductsApi)'
2026-09-05 13:56:11.172 +00:00 [ERR] Erro não tratado: Deserialization of types without a parameterless constructor, a singular parameterized constructor, or a parameterized constructor annotated with 'JsonConstructorAttribute' is not supported. Type 'ProductsApi.Modules.Users.Application.DTOs.RegisterDto'. Path: $ | LineNumber: 0 | BytePositionInLine: 1. | Path: /users/register | Method: POST
System.NotSupportedException: Deserialization of types without a parameterless constructor, a singular parameterized constructor, or a parameterized constructor annotated with 'JsonConstructorAttribute' is not supported. Type 'ProductsApi.Modules.Users.Application.DTOs.RegisterDto'. Path: $ | LineNumber: 0 | BytePositionInLine: 1.
 ---> System.NotSupportedException: Deserialization of types without a parameterless constructor, a singular parameterized constructor, or a parameterized constructor annotated with 'JsonConstructorAttribute' is not supported. Type 'ProductsApi.Modules.Users.Application.DTOs.RegisterDto'.
   --- End of inner exception stack trace ---
   at System.Text.Json.ThrowHelper.ThrowNotSupportedException(ReadStack& state, Utf8JsonReader& reader, NotSupportedException ex)
   at System.Text.Json.Serialization.Converters.ObjectDefaultConverter`1.OnTryRead(Utf8JsonReader& reader, Type typeToConvert, JsonSerializerOptions options, ReadStack& state, T& value)
   at System.Text.Json.Serialization.JsonConverter`1.TryRead(Utf8JsonReader& reader, Type typeToConvert, JsonSerializerOptions options, ReadStack& state, T& value, Boolean& isPopulatedValue)
   at System.Text.Json.Serialization.JsonConverter`1.ReadCore(Utf8JsonReader& reader, JsonSerializerOptions options, ReadStack& state)
   at System.Text.Json.Serialization.Metadata.JsonTypeInfo`1.ContinueDeserialize(ReadBufferState& bufferState, JsonReaderState& jsonReaderState, ReadStack& readStack)
   at System.Text.Json.Serialization.Metadata.JsonTypeInfo`1.DeserializeAsync(Stream utf8Json, CancellationToken cancellationToken)
   at System.Text.Json.Serialization.Metadata.JsonTypeInfo`1.DeserializeAsObjectAsync(Stream utf8Json, CancellationToken cancellationToken)
   at Microsoft.AspNetCore.Mvc.Formatters.SystemTextJsonInputFormatter.ReadRequestBodyAsync(InputFormatterContext context, Encoding encoding)
   at Microsoft.AspNetCore.Mvc.Formatters.SystemTextJsonInputFormatter.ReadRequestBodyAsync(InputFormatterContext context, Encoding encoding)
   at Microsoft.AspNetCore.Mvc.ModelBinding.Binders.BodyModelBinder.BindModelAsync(ModelBindingContext bindingContext)
   at Microsoft.AspNetCore.Mvc.ModelBinding.ParameterBinder.BindModelAsync(ActionContext actionContext, IModelBinder modelBinder, IValueProvider valueProvider, ParameterDescriptor parameter, ModelMetadata metadata, Object value, Object container)
   at Microsoft.AspNetCore.Mvc.Controllers.ControllerBinderDelegateProvider.<>c__DisplayClass0_0.<<CreateBinderDelegate>g__Bind|0>d.MoveNext()
--- End of stack trace from previous location ---
   at Microsoft.AspNetCore.Mvc.Infrastructure.ControllerActionInvoker.<InvokeInnerFilterAsync>g__Awaited|13_0(ControllerActionInvoker invoker, Task lastTask, State next, Scope scope, Object state, Boolean isCompleted)
   at Microsoft.AspNetCore.Mvc.Infrastructure.ResourceInvoker.<InvokeFilterPipelineAsync>g__Awaited|20_0(ResourceInvoker invoker, Task lastTask, State next, Scope scope, Object state, Boolean isCompleted)
   at Microsoft.AspNetCore.Mvc.Infrastructure.ResourceInvoker.<InvokeAsync>g__Logged|17_1(ResourceInvoker invoker)
   at Microsoft.AspNetCore.Mvc.Infrastructure.ResourceInvoker.<InvokeAsync>g__Logged|17_1(ResourceInvoker invoker)
   at Microsoft.AspNetCore.Routing.EndpointMiddleware.<Invoke>g__AwaitRequestTask|7_0(Endpoint endpoint, Task requestTask, ILogger logger)
   at Microsoft.AspNetCore.Authorization.AuthorizationMiddleware.Invoke(HttpContext context)
   at Microsoft.AspNetCore.Authentication.AuthenticationMiddleware.Invoke(HttpContext context)
   at ProductsApi.Infrastructure.Middleware.GlobalExceptionMiddleware.InvokeAsync(HttpContext context)
2026-09-05 13:56:11.174 +00:00 [ERR] HTTP POST /users/register responded 500 in 5.0180 ms
2026-09-05 13:56:11.175 +00:00 [INF] Request finished HTTP/1.1 POST http://localhost:8080/users/register - 500 null application/json 7.5183ms
2026-09-05 13:59:36.610 +00:00 [INF] Request starting HTTP/1.1 POST http://localhost:8080/users/register - application/json 99
2026-09-05 13:59:36.611 +00:00 [INF] Executing endpoint 'ProductsApi.Modules.Users.UsersController.Register (ProductsApi)'
2026-09-05 13:59:36.611 +00:00 [INF] Route matched with {action = "Register", controller = "Users"}. Executing controller action with signature System.Threading.Tasks.Task`1[Microsoft.AspNetCore.Mvc.IActionResult] Register(ProductsApi.Modules.Users.Application.DTOs.RegisterDto) on controller ProductsApi.Modules.Users.UsersController (ProductsApi).
2026-09-05 13:59:36.613 +00:00 [INF] Executed action ProductsApi.Modules.Users.UsersController.Register (ProductsApi) in 1.7954ms
2026-09-05 13:59:36.614 +00:00 [INF] Executed endpoint 'ProductsApi.Modules.Users.UsersController.Register (ProductsApi)'
2026-09-05 13:59:36.614 +00:00 [ERR] Erro não tratado: Deserialization of types without a parameterless constructor, a singular parameterized constructor, or a parameterized constructor annotated with 'JsonConstructorAttribute' is not supported. Type 'ProductsApi.Modules.Users.Application.DTOs.RegisterDto'. Path: $ | LineNumber: 0 | BytePositionInLine: 1. | Path: /users/register | Method: POST
System.NotSupportedException: Deserialization of types without a parameterless constructor, a singular parameterized constructor, or a parameterized constructor annotated with 'JsonConstructorAttribute' is not supported. Type 'ProductsApi.Modules.Users.Application.DTOs.RegisterDto'. Path: $ | LineNumber: 0 | BytePositionInLine: 1.
 ---> System.NotSupportedException: Deserialization of types without a parameterless constructor, a singular parameterized constructor, or a parameterized constructor annotated with 'JsonConstructorAttribute' is not supported. Type 'ProductsApi.Modules.Users.Application.DTOs.RegisterDto'.
   --- End of inner exception stack trace ---
   at System.Text.Json.ThrowHelper.ThrowNotSupportedException(ReadStack& state, Utf8JsonReader& reader, NotSupportedException ex)
   at System.Text.Json.Serialization.Converters.ObjectDefaultConverter`1.OnTryRead(Utf8JsonReader& reader, Type typeToConvert, JsonSerializerOptions options, ReadStack& state, T& value)
   at System.Text.Json.Serialization.JsonConverter`1.TryRead(Utf8JsonReader& reader, Type typeToConvert, JsonSerializerOptions options, ReadStack& state, T& value, Boolean& isPopulatedValue)
   at System.Text.Json.Serialization.JsonConverter`1.ReadCore(Utf8JsonReader& reader, JsonSerializerOptions options, ReadStack& state)
   at System.Text.Json.Serialization.Metadata.JsonTypeInfo`1.ContinueDeserialize(ReadBufferState& bufferState, JsonReaderState& jsonReaderState, ReadStack& readStack)
   at System.Text.Json.Serialization.Metadata.JsonTypeInfo`1.DeserializeAsync(Stream utf8Json, CancellationToken cancellationToken)
   at System.Text.Json.Serialization.Metadata.JsonTypeInfo`1.DeserializeAsObjectAsync(Stream utf8Json, CancellationToken cancellationToken)
   at Microsoft.AspNetCore.Mvc.Formatters.SystemTextJsonInputFormatter.ReadRequestBodyAsync(InputFormatterContext context, Encoding encoding)
   at Microsoft.AspNetCore.Mvc.Formatters.SystemTextJsonInputFormatter.ReadRequestBodyAsync(InputFormatterContext context, Encoding encoding)
   at Microsoft.AspNetCore.Mvc.ModelBinding.Binders.BodyModelBinder.BindModelAsync(ModelBindingContext bindingContext)
   at Microsoft.AspNetCore.Mvc.ModelBinding.ParameterBinder.BindModelAsync(ActionContext actionContext, IModelBinder modelBinder, IValueProvider valueProvider, ParameterDescriptor parameter, ModelMetadata metadata, Object value, Object container)
   at Microsoft.AspNetCore.Mvc.Controllers.ControllerBinderDelegateProvider.<>c__DisplayClass0_0.<<CreateBinderDelegate>g__Bind|0>d.MoveNext()
--- End of stack trace from previous location ---
   at Microsoft.AspNetCore.Mvc.Infrastructure.ControllerActionInvoker.<InvokeInnerFilterAsync>g__Awaited|13_0(ControllerActionInvoker invoker, Task lastTask, State next, Scope scope, Object state, Boolean isCompleted)
   at Microsoft.AspNetCore.Mvc.Infrastructure.ResourceInvoker.<InvokeFilterPipelineAsync>g__Awaited|20_0(ResourceInvoker invoker, Task lastTask, State next, Scope scope, Object state, Boolean isCompleted)
   at Microsoft.AspNetCore.Mvc.Infrastructure.ResourceInvoker.<InvokeAsync>g__Logged|17_1(ResourceInvoker invoker)
   at Microsoft.AspNetCore.Mvc.Infrastructure.ResourceInvoker.<InvokeAsync>g__Logged|17_1(ResourceInvoker invoker)
   at Microsoft.AspNetCore.Routing.EndpointMiddleware.<Invoke>g__AwaitRequestTask|7_0(Endpoint endpoint, Task requestTask, ILogger logger)
   at Microsoft.AspNetCore.Authorization.AuthorizationMiddleware.Invoke(HttpContext context)
   at Microsoft.AspNetCore.Authentication.AuthenticationMiddleware.Invoke(HttpContext context)
   at ProductsApi.Infrastructure.Middleware.GlobalExceptionMiddleware.InvokeAsync(HttpContext context)
2026-09-05 13:59:36.617 +00:00 [ERR] HTTP POST /users/register responded 500 in 5.8557 ms
2026-09-05 13:59:36.617 +00:00 [INF] Request finished HTTP/1.1 POST http://localhost:8080/users/register - 500 null application/json 7.2415ms
2026-09-05 13:59:39.068 +00:00 [INF] Application is shutting down...
2026-09-05 13:59:52.094 +00:00 [WRN] Storing keys in a directory '/root/.aspnet/DataProtection-Keys' that may not be persisted outside of the container. Protected data will be unavailable when container is destroyed. For more information go to https://aka.ms/aspnet/dataprotectionwarning
2026-09-05 13:59:52.123 +00:00 [INF] User profile is available. Using '/root/.aspnet/DataProtection-Keys' as key repository; keys will not be encrypted at rest.
2026-09-05 13:59:52.131 +00:00 [INF] Creating key {183de083-cc65-40ae-b3b7-1d500548f47b} with creation date 2026-09-05 13:59:52Z, activation date 2026-09-05 13:59:52Z, and expiration date 2026-12-04 13:59:52Z.
2026-09-05 13:59:52.140 +00:00 [WRN] No XML encryptor configured. Key {183de083-cc65-40ae-b3b7-1d500548f47b} may be persisted to storage in unencrypted form.
2026-09-05 13:59:52.143 +00:00 [INF] Writing data to file '/root/.aspnet/DataProtection-Keys/key-183de083-cc65-40ae-b3b7-1d500548f47b.xml'.
2026-09-05 13:59:52.151 +00:00 [WRN] Overriding HTTP_PORTS '8080' and HTTPS_PORTS ''. Binding to values defined by URLS instead 'http://+:8080'.
2026-09-05 13:59:52.175 +00:00 [INF] Now listening on: http://[::]:8080
2026-09-05 13:59:52.175 +00:00 [INF] Application started. Press Ctrl+C to shut down.
2026-09-05 13:59:52.175 +00:00 [INF] Hosting environment: Development
2026-09-05 13:59:52.176 +00:00 [INF] Content root path: /src
2026-09-05 14:00:00.974 +00:00 [INF] Request starting HTTP/1.1 POST http://localhost:8080/users/register - application/json 99
2026-09-05 14:00:01.012 +00:00 [INF] Executing endpoint 'ProductsApi.Modules.Users.UsersController.Register (ProductsApi)'
2026-09-05 14:00:01.025 +00:00 [INF] Route matched with {action = "Register", controller = "Users"}. Executing controller action with signature System.Threading.Tasks.Task`1[Microsoft.AspNetCore.Mvc.IActionResult] Register(ProductsApi.Modules.Users.Application.DTOs.RegisterDto) on controller ProductsApi.Modules.Users.UsersController (ProductsApi).
2026-09-05 14:00:01.653 +00:00 [INF] Executed DbCommand (30ms) [Parameters=[@__email_0='?'], CommandType='"Text"', CommandTimeout='30']
SELECT u."Id", u."CreatedAt", u."Email", u."Name", u."PasswordHash", u."Role"
FROM "Users" AS u
WHERE u."Email" = @__email_0
LIMIT 1
2026-09-05 14:00:01.702 +00:00 [INF] Executed action ProductsApi.Modules.Users.UsersController.Register (ProductsApi) in 674.7678ms
2026-09-05 14:00:01.704 +00:00 [INF] Executed endpoint 'ProductsApi.Modules.Users.UsersController.Register (ProductsApi)'
2026-09-05 14:00:01.705 +00:00 [ERR] Erro não tratado: Email já cadastrado | Path: /users/register | Method: POST
System.ArgumentException: Email já cadastrado
   at ProductsApi.Modules.Users.Application.Services.AuthService.RegisterAsync(RegisterDto dto) in /src/src/modules/users/application/Services/AuthService.cs:line 17
   at ProductsApi.Modules.Users.UsersController.Register(RegisterDto dto) in /src/src/modules/users/UsersController.cs:line 16
   at Microsoft.AspNetCore.Mvc.Infrastructure.ActionMethodExecutor.TaskOfIActionResultExecutor.Execute(ActionContext actionContext, IActionResultTypeMapper mapper, ObjectMethodExecutor executor, Object controller, Object[] arguments)
   at Microsoft.AspNetCore.Mvc.Infrastructure.ControllerActionInvoker.<InvokeActionMethodAsync>g__Awaited|12_0(ControllerActionInvoker invoker, ValueTask`1 actionResultValueTask)
   at Microsoft.AspNetCore.Mvc.Infrastructure.ControllerActionInvoker.<InvokeNextActionFilterAsync>g__Awaited|10_0(ControllerActionInvoker invoker, Task lastTask, State next, Scope scope, Object state, Boolean isCompleted)
   at Microsoft.AspNetCore.Mvc.Infrastructure.ControllerActionInvoker.Rethrow(ActionExecutedContextSealed context)
   at Microsoft.AspNetCore.Mvc.Infrastructure.ControllerActionInvoker.Next(State& next, Scope& scope, Object& state, Boolean& isCompleted)
   at Microsoft.AspNetCore.Mvc.Infrastructure.ControllerActionInvoker.<InvokeInnerFilterAsync>g__Awaited|13_0(ControllerActionInvoker invoker, Task lastTask, State next, Scope scope, Object state, Boolean isCompleted)
   at Microsoft.AspNetCore.Mvc.Infrastructure.ResourceInvoker.<InvokeFilterPipelineAsync>g__Awaited|20_0(ResourceInvoker invoker, Task lastTask, State next, Scope scope, Object state, Boolean isCompleted)
   at Microsoft.AspNetCore.Mvc.Infrastructure.ResourceInvoker.<InvokeAsync>g__Logged|17_1(ResourceInvoker invoker)
   at Microsoft.AspNetCore.Mvc.Infrastructure.ResourceInvoker.<InvokeAsync>g__Logged|17_1(ResourceInvoker invoker)
   at Microsoft.AspNetCore.Routing.EndpointMiddleware.<Invoke>g__AwaitRequestTask|7_0(Endpoint endpoint, Task requestTask, ILogger logger)
   at Microsoft.AspNetCore.Authorization.AuthorizationMiddleware.Invoke(HttpContext context)
   at Microsoft.AspNetCore.Authentication.AuthenticationMiddleware.Invoke(HttpContext context)
   at ProductsApi.Infrastructure.Middleware.GlobalExceptionMiddleware.InvokeAsync(HttpContext context) in /src/src/Infrastructure/Middleware/GlobalExceptionMiddleware.cs:line 13
2026-09-05 14:00:01.726 +00:00 [INF] HTTP POST /users/register responded 400 in 735.3183 ms
2026-09-05 14:00:01.734 +00:00 [INF] Request finished HTTP/1.1 POST http://localhost:8080/users/register - 400 null application/json 760.3737ms
2026-09-05 14:00:08.108 +00:00 [INF] Request starting HTTP/1.1 POST http://localhost:8080/users/register - application/json 104
2026-09-05 14:00:08.111 +00:00 [INF] Executing endpoint 'ProductsApi.Modules.Users.UsersController.Register (ProductsApi)'
2026-09-05 14:00:08.111 +00:00 [INF] Route matched with {action = "Register", controller = "Users"}. Executing controller action with signature System.Threading.Tasks.Task`1[Microsoft.AspNetCore.Mvc.IActionResult] Register(ProductsApi.Modules.Users.Application.DTOs.RegisterDto) on controller ProductsApi.Modules.Users.UsersController (ProductsApi).
2026-09-05 14:00:08.145 +00:00 [INF] Executed DbCommand (1ms) [Parameters=[@__email_0='?'], CommandType='"Text"', CommandTimeout='30']
SELECT u."Id", u."CreatedAt", u."Email", u."Name", u."PasswordHash", u."Role"
FROM "Users" AS u
WHERE u."Email" = @__email_0
LIMIT 1
2026-09-05 14:00:08.547 +00:00 [INF] Executed DbCommand (4ms) [Parameters=[@p0='?' (DbType = DateTime), @p1='?', @p2='?', @p3='?', @p4='?'], CommandType='"Text"', CommandTimeout='30']
INSERT INTO "Users" ("CreatedAt", "Email", "Name", "PasswordHash", "Role")
VALUES (@p0, @p1, @p2, @p3, @p4)
RETURNING "Id";
2026-09-05 14:00:08.571 +00:00 [INF] Executing CreatedAtActionResult, writing value of type 'ProductsApi.Modules.Users.Application.DTOs.AuthResponse'.
2026-09-05 14:00:08.585 +00:00 [INF] Executed action ProductsApi.Modules.Users.UsersController.Register (ProductsApi) in 473.3856ms
2026-09-05 14:00:08.585 +00:00 [INF] Executed endpoint 'ProductsApi.Modules.Users.UsersController.Register (ProductsApi)'
2026-09-05 14:00:08.586 +00:00 [INF] HTTP POST /users/register responded 201 in 476.3821 ms
2026-09-05 14:00:08.587 +00:00 [INF] Request finished HTTP/1.1 POST http://localhost:8080/users/register - 201 null application/json; charset=utf-8 478.9163ms
2026-09-05 14:01:04.462 +00:00 [INF] Request starting HTTP/1.1 POST http://localhost:8080/products - application/json 95
2026-09-05 14:01:04.485 +00:00 [INF] Executing endpoint 'ProductsApi.Modules.Products.ProductsController.Create (ProductsApi)'
2026-09-05 14:01:04.488 +00:00 [INF] Route matched with {action = "Create", controller = "Products"}. Executing controller action with signature System.Threading.Tasks.Task`1[Microsoft.AspNetCore.Mvc.IActionResult] Create(ProductsApi.Modules.Products.Application.DTOs.CreateProductDto) on controller ProductsApi.Modules.Products.ProductsController (ProductsApi).
2026-09-05 14:01:04.529 +00:00 [INF] Executed DbCommand (7ms) [Parameters=[@p0='?' (DbType = DateTime), @p1='?', @p2='?', @p3='?' (DbType = Decimal), @p4='?' (DbType = Int32)], CommandType='"Text"', CommandTimeout='30']
INSERT INTO "Products" ("CreatedAt", "Description", "Name", "Price", "Stock")
VALUES (@p0, @p1, @p2, @p3, @p4)
RETURNING "Id";
2026-09-05 14:01:04.532 +00:00 [INF] Executing CreatedAtActionResult, writing value of type 'ProductsApi.Modules.Products.Application.DTOs.ProductResponse'.
2026-09-05 14:01:04.537 +00:00 [INF] Executed action ProductsApi.Modules.Products.ProductsController.Create (ProductsApi) in 48.7516ms
2026-09-05 14:01:04.538 +00:00 [INF] Executed endpoint 'ProductsApi.Modules.Products.ProductsController.Create (ProductsApi)'
2026-09-05 14:01:04.538 +00:00 [INF] HTTP POST /products responded 201 in 75.5616 ms
2026-09-05 14:01:04.539 +00:00 [INF] Request finished HTTP/1.1 POST http://localhost:8080/products - 201 null application/json; charset=utf-8 76.9373ms
2026-09-05 14:01:14.876 +00:00 [INF] Request starting HTTP/1.1 PUT http://localhost:8080/products/1 - application/json 110
2026-09-05 14:01:14.878 +00:00 [INF] Executing endpoint 'ProductsApi.Modules.Products.ProductsController.Update (ProductsApi)'
2026-09-05 14:01:14.881 +00:00 [INF] Route matched with {action = "Update", controller = "Products"}. Executing controller action with signature System.Threading.Tasks.Task`1[Microsoft.AspNetCore.Mvc.IActionResult] Update(Int32, ProductsApi.Modules.Products.Application.DTOs.UpdateProductDto) on controller ProductsApi.Modules.Products.ProductsController (ProductsApi).
2026-09-05 14:01:14.901 +00:00 [INF] Executed DbCommand (1ms) [Parameters=[@__p_0='?' (DbType = Int32)], CommandType='"Text"', CommandTimeout='30']
SELECT p."Id", p."CreatedAt", p."Description", p."Name", p."Price", p."Stock"
FROM "Products" AS p
WHERE p."Id" = @__p_0
LIMIT 1
2026-09-05 14:01:14.910 +00:00 [INF] Executed DbCommand (4ms) [Parameters=[@p5='?' (DbType = Int32), @p0='?' (DbType = DateTime), @p1='?', @p2='?', @p3='?' (DbType = Decimal), @p4='?' (DbType = Int32)], CommandType='"Text"', CommandTimeout='30']
UPDATE "Products" SET "CreatedAt" = @p0, "Description" = @p1, "Name" = @p2, "Price" = @p3, "Stock" = @p4
WHERE "Id" = @p5;
2026-09-05 14:01:14.912 +00:00 [INF] Executing OkObjectResult, writing value of type 'ProductsApi.Modules.Products.Application.DTOs.ProductResponse'.
2026-09-05 14:01:14.913 +00:00 [INF] Executed action ProductsApi.Modules.Products.ProductsController.Update (ProductsApi) in 30.7889ms
2026-09-05 14:01:14.913 +00:00 [INF] Executed endpoint 'ProductsApi.Modules.Products.ProductsController.Update (ProductsApi)'
2026-09-05 14:01:14.913 +00:00 [INF] HTTP PUT /products/1 responded 200 in 36.2760 ms
2026-09-05 14:01:14.914 +00:00 [INF] Request finished HTTP/1.1 PUT http://localhost:8080/products/1 - 200 null application/json; charset=utf-8 37.5746ms
2026-09-05 14:01:21.978 +00:00 [INF] Request starting HTTP/1.1 DELETE http://localhost:8080/products/2 - null null
2026-09-05 14:01:21.980 +00:00 [INF] Executing endpoint 'ProductsApi.Modules.Products.ProductsController.Delete (ProductsApi)'
2026-09-05 14:01:21.983 +00:00 [INF] Route matched with {action = "Delete", controller = "Products"}. Executing controller action with signature System.Threading.Tasks.Task`1[Microsoft.AspNetCore.Mvc.IActionResult] Delete(Int32) on controller ProductsApi.Modules.Products.ProductsController (ProductsApi).
2026-09-05 14:01:21.988 +00:00 [INF] Executed DbCommand (1ms) [Parameters=[@__p_0='?' (DbType = Int32)], CommandType='"Text"', CommandTimeout='30']
SELECT p."Id", p."CreatedAt", p."Description", p."Name", p."Price", p."Stock"
FROM "Products" AS p
WHERE p."Id" = @__p_0
LIMIT 1
2026-09-05 14:01:21.990 +00:00 [INF] Executing ObjectResult, writing value of type 'Microsoft.AspNetCore.Mvc.ProblemDetails'.
2026-09-05 14:01:22.007 +00:00 [INF] Executed action ProductsApi.Modules.Products.ProductsController.Delete (ProductsApi) in 24.0451ms
2026-09-05 14:01:22.008 +00:00 [INF] Executed endpoint 'ProductsApi.Modules.Products.ProductsController.Delete (ProductsApi)'
2026-09-05 14:01:22.009 +00:00 [INF] HTTP DELETE /products/2 responded 404 in 29.9847 ms
2026-09-05 14:01:22.009 +00:00 [INF] Request finished HTTP/1.1 DELETE http://localhost:8080/products/2 - 404 null application/problem+json; charset=utf-8 31.53ms
2026-09-05 14:01:30.203 +00:00 [INF] Request starting HTTP/1.1 DELETE http://localhost:8080/products/1 - null null
2026-09-05 14:01:30.204 +00:00 [INF] Executing endpoint 'ProductsApi.Modules.Products.ProductsController.Delete (ProductsApi)'
2026-09-05 14:01:30.204 +00:00 [INF] Route matched with {action = "Delete", controller = "Products"}. Executing controller action with signature System.Threading.Tasks.Task`1[Microsoft.AspNetCore.Mvc.IActionResult] Delete(Int32) on controller ProductsApi.Modules.Products.ProductsController (ProductsApi).
2026-09-05 14:01:30.206 +00:00 [INF] Executed DbCommand (1ms) [Parameters=[@__p_0='?' (DbType = Int32)], CommandType='"Text"', CommandTimeout='30']
SELECT p."Id", p."CreatedAt", p."Description", p."Name", p."Price", p."Stock"
FROM "Products" AS p
WHERE p."Id" = @__p_0
LIMIT 1
2026-09-05 14:01:30.212 +00:00 [INF] Executed DbCommand (2ms) [Parameters=[@p0='?' (DbType = Int32)], CommandType='"Text"', CommandTimeout='30']
DELETE FROM "Products"
WHERE "Id" = @p0;
2026-09-05 14:01:30.216 +00:00 [INF] Executing StatusCodeResult, setting HTTP status code 204
2026-09-05 14:01:30.216 +00:00 [INF] Executed action ProductsApi.Modules.Products.ProductsController.Delete (ProductsApi) in 11.8664ms
2026-09-05 14:01:30.217 +00:00 [INF] Executed endpoint 'ProductsApi.Modules.Products.ProductsController.Delete (ProductsApi)'
2026-09-05 14:01:30.217 +00:00 [INF] HTTP DELETE /products/1 responded 204 in 13.6190 ms
2026-09-05 14:01:30.218 +00:00 [INF] Request finished HTTP/1.1 DELETE http://localhost:8080/products/1 - 204 null null 14.8836ms
2026-09-05 14:01:33.368 +00:00 [INF] Request starting HTTP/1.1 POST http://localhost:8080/products - application/json 95
2026-09-05 14:01:33.369 +00:00 [INF] Executing endpoint 'ProductsApi.Modules.Products.ProductsController.Create (ProductsApi)'
2026-09-05 14:01:33.370 +00:00 [INF] Route matched with {action = "Create", controller = "Products"}. Executing controller action with signature System.Threading.Tasks.Task`1[Microsoft.AspNetCore.Mvc.IActionResult] Create(ProductsApi.Modules.Products.Application.DTOs.CreateProductDto) on controller ProductsApi.Modules.Products.ProductsController (ProductsApi).
2026-09-05 14:01:33.374 +00:00 [INF] Executed DbCommand (2ms) [Parameters=[@p0='?' (DbType = DateTime), @p1='?', @p2='?', @p3='?' (DbType = Decimal), @p4='?' (DbType = Int32)], CommandType='"Text"', CommandTimeout='30']
INSERT INTO "Products" ("CreatedAt", "Description", "Name", "Price", "Stock")
VALUES (@p0, @p1, @p2, @p3, @p4)
RETURNING "Id";
2026-09-05 14:01:33.375 +00:00 [INF] Executing CreatedAtActionResult, writing value of type 'ProductsApi.Modules.Products.Application.DTOs.ProductResponse'.
2026-09-05 14:01:33.375 +00:00 [INF] Executed action ProductsApi.Modules.Products.ProductsController.Create (ProductsApi) in 5.334ms
2026-09-05 14:01:33.376 +00:00 [INF] Executed endpoint 'ProductsApi.Modules.Products.ProductsController.Create (ProductsApi)'
2026-09-05 14:01:33.376 +00:00 [INF] HTTP POST /products responded 201 in 6.9178 ms
2026-09-05 14:01:33.376 +00:00 [INF] Request finished HTTP/1.1 POST http://localhost:8080/products - 201 null application/json; charset=utf-8 8.2292ms
2026-09-05 14:03:52.214 +00:00 [INF] Request starting HTTP/1.1 GET http://localhost:8080/users/me - application/json null
2026-09-05 14:03:52.216 +00:00 [INF] Executing endpoint 'ProductsApi.Modules.Users.UsersController.GetMe (ProductsApi)'
2026-09-05 14:03:52.218 +00:00 [INF] Route matched with {action = "GetMe", controller = "Users"}. Executing controller action with signature System.Threading.Tasks.Task`1[Microsoft.AspNetCore.Mvc.IActionResult] GetMe() on controller ProductsApi.Modules.Users.UsersController (ProductsApi).
2026-09-05 14:03:52.226 +00:00 [INF] Executed DbCommand (1ms) [Parameters=[@__p_0='?' (DbType = Int32)], CommandType='"Text"', CommandTimeout='30']
SELECT u."Id", u."CreatedAt", u."Email", u."Name", u."PasswordHash", u."Role"
FROM "Users" AS u
WHERE u."Id" = @__p_0
LIMIT 1
2026-09-05 14:03:52.227 +00:00 [INF] Executing OkObjectResult, writing value of type 'ProductsApi.Modules.Users.Application.DTOs.UserResponse'.
2026-09-05 14:03:52.230 +00:00 [INF] Executed action ProductsApi.Modules.Users.UsersController.GetMe (ProductsApi) in 10.7263ms
2026-09-05 14:03:52.230 +00:00 [INF] Executed endpoint 'ProductsApi.Modules.Users.UsersController.GetMe (ProductsApi)'
2026-09-05 14:03:52.230 +00:00 [INF] HTTP GET /users/me responded 200 in 15.8586 ms
2026-09-05 14:03:52.231 +00:00 [INF] Request finished HTTP/1.1 GET http://localhost:8080/users/me - 200 null application/json; charset=utf-8 17.2332ms
2026-09-05 14:17:47.608 +00:00 [INF] Application is shutting down...
2026-09-05 14:18:22.773 +00:00 [WRN] Storing keys in a directory '/root/.aspnet/DataProtection-Keys' that may not be persisted outside of the container. Protected data will be unavailable when container is destroyed. For more information go to https://aka.ms/aspnet/dataprotectionwarning
2026-09-05 14:18:22.802 +00:00 [INF] User profile is available. Using '/root/.aspnet/DataProtection-Keys' as key repository; keys will not be encrypted at rest.
2026-09-05 14:18:22.811 +00:00 [INF] Creating key {a1490b43-a439-4927-b1f8-03052515c939} with creation date 2026-09-05 14:18:22Z, activation date 2026-09-05 14:18:22Z, and expiration date 2026-12-04 14:18:22Z.
2026-09-05 14:18:22.820 +00:00 [WRN] No XML encryptor configured. Key {a1490b43-a439-4927-b1f8-03052515c939} may be persisted to storage in unencrypted form.
2026-09-05 14:18:22.823 +00:00 [INF] Writing data to file '/root/.aspnet/DataProtection-Keys/key-a1490b43-a439-4927-b1f8-03052515c939.xml'.
2026-09-05 14:18:22.831 +00:00 [WRN] Overriding HTTP_PORTS '8080' and HTTPS_PORTS ''. Binding to values defined by URLS instead 'http://+:8080'.
2026-09-05 14:18:22.854 +00:00 [INF] Now listening on: http://[::]:8080
2026-09-05 14:18:22.854 +00:00 [INF] Application started. Press Ctrl+C to shut down.
2026-09-05 14:18:22.855 +00:00 [INF] Hosting environment: Development
2026-09-05 14:18:22.855 +00:00 [INF] Content root path: /src
2026-09-05 14:21:07.311 +00:00 [INF] Application is shutting down...
2026-09-05 14:21:18.862 +00:00 [WRN] Storing keys in a directory '/root/.aspnet/DataProtection-Keys' that may not be persisted outside of the container. Protected data will be unavailable when container is destroyed. For more information go to https://aka.ms/aspnet/dataprotectionwarning
2026-09-05 14:21:18.891 +00:00 [INF] User profile is available. Using '/root/.aspnet/DataProtection-Keys' as key repository; keys will not be encrypted at rest.
2026-09-05 14:21:18.900 +00:00 [INF] Creating key {66891358-084c-4322-b244-c20b14cd5079} with creation date 2026-09-05 14:21:18Z, activation date 2026-09-05 14:21:18Z, and expiration date 2026-12-04 14:21:18Z.
2026-09-05 14:21:18.908 +00:00 [WRN] No XML encryptor configured. Key {66891358-084c-4322-b244-c20b14cd5079} may be persisted to storage in unencrypted form.
2026-09-05 14:21:18.912 +00:00 [INF] Writing data to file '/root/.aspnet/DataProtection-Keys/key-66891358-084c-4322-b244-c20b14cd5079.xml'.
2026-09-05 14:21:18.920 +00:00 [WRN] Overriding HTTP_PORTS '8080' and HTTPS_PORTS ''. Binding to values defined by URLS instead 'http://+:8080'.
2026-09-05 14:21:18.952 +00:00 [INF] Now listening on: http://[::]:8080
2026-09-05 14:21:18.953 +00:00 [INF] Application started. Press Ctrl+C to shut down.
2026-09-05 14:21:18.954 +00:00 [INF] Hosting environment: Development
2026-09-05 14:21:18.954 +00:00 [INF] Content root path: /src
2026-09-05 14:34:44.324 +00:00 [WRN] Storing keys in a directory '/root/.aspnet/DataProtection-Keys' that may not be persisted outside of the container. Protected data will be unavailable when container is destroyed. For more information go to https://aka.ms/aspnet/dataprotectionwarning
2026-09-05 14:34:44.355 +00:00 [INF] User profile is available. Using '/root/.aspnet/DataProtection-Keys' as key repository; keys will not be encrypted at rest.
2026-09-05 14:34:44.366 +00:00 [INF] Creating key {9cfbd7cd-ae90-4250-bd02-4de57ac99837} with creation date 2026-09-05 14:34:44Z, activation date 2026-09-05 14:34:44Z, and expiration date 2026-12-04 14:34:44Z.
2026-09-05 14:34:44.377 +00:00 [WRN] No XML encryptor configured. Key {9cfbd7cd-ae90-4250-bd02-4de57ac99837} may be persisted to storage in unencrypted form.
2026-09-05 14:34:44.380 +00:00 [INF] Writing data to file '/root/.aspnet/DataProtection-Keys/key-9cfbd7cd-ae90-4250-bd02-4de57ac99837.xml'.
2026-09-05 14:34:44.389 +00:00 [WRN] Overriding HTTP_PORTS '8080' and HTTPS_PORTS ''. Binding to values defined by URLS instead 'http://+:8080'.
2026-09-05 14:34:44.416 +00:00 [INF] Now listening on: http://[::]:8080
2026-09-05 14:34:44.416 +00:00 [INF] Application started. Press Ctrl+C to shut down.
2026-09-05 14:34:44.417 +00:00 [INF] Hosting environment: Development
2026-09-05 14:34:44.417 +00:00 [INF] Content root path: /src
2026-09-05 14:38:21.339 +00:00 [INF] Request starting HTTP/1.1 GET http://localhost:8080/users/login - application/json 55
2026-09-05 14:38:21.385 +00:00 [INF] Executing endpoint '405 HTTP Method Not Supported'
2026-09-05 14:38:21.386 +00:00 [INF] Executed endpoint '405 HTTP Method Not Supported'
2026-09-05 14:38:21.387 +00:00 [INF] HTTP GET /users/login responded 405 in 22.2913 ms
2026-09-05 14:38:21.391 +00:00 [INF] Request finished HTTP/1.1 GET http://localhost:8080/users/login - 405 0 null 53.4818ms
2026-09-05 14:40:33.211 +00:00 [INF] Request starting HTTP/1.1 GET http://localhost:8080/users/login - application/json 55
2026-09-05 14:40:33.213 +00:00 [INF] Executing endpoint '405 HTTP Method Not Supported'
2026-09-05 14:40:33.214 +00:00 [INF] Executed endpoint '405 HTTP Method Not Supported'
2026-09-05 14:40:33.214 +00:00 [INF] HTTP GET /users/login responded 405 in 2.1409 ms
2026-09-05 14:40:33.215 +00:00 [INF] Request finished HTTP/1.1 GET http://localhost:8080/users/login - 405 0 null 4.0636ms
2026-09-05 14:42:02.828 +00:00 [INF] Request starting HTTP/1.1 POST http://localhost:8080/users/login - application/json 55
2026-09-05 14:42:02.831 +00:00 [INF] Executing endpoint 'ProductsApi.Modules.Users.UsersController.Login (ProductsApi)'
2026-09-05 14:42:02.846 +00:00 [INF] Route matched with {action = "Login", controller = "Users"}. Executing controller action with signature System.Threading.Tasks.Task`1[Microsoft.AspNetCore.Mvc.IActionResult] Login(ProductsApi.Modules.Users.Application.DTOs.LoginDto) on controller ProductsApi.Modules.Users.UsersController (ProductsApi).
2026-09-05 14:42:03.498 +00:00 [INF] Executed DbCommand (33ms) [Parameters=[@__email_0='?'], CommandType='"Text"', CommandTimeout='30']
SELECT u."Id", u."CreatedAt", u."Email", u."Name", u."PasswordHash", u."Role"
FROM "Users" AS u
WHERE u."Email" = @__email_0
LIMIT 1
2026-09-05 14:42:03.906 +00:00 [INF] Executing OkObjectResult, writing value of type 'ProductsApi.Modules.Users.Application.DTOs.AuthResponse'.
2026-09-05 14:42:03.911 +00:00 [INF] Executed action ProductsApi.Modules.Users.UsersController.Login (ProductsApi) in 1063.3318ms
2026-09-05 14:42:03.912 +00:00 [INF] Executed endpoint 'ProductsApi.Modules.Users.UsersController.Login (ProductsApi)'
2026-09-05 14:42:03.913 +00:00 [INF] HTTP POST /users/login responded 200 in 1083.4009 ms
2026-09-05 14:42:03.917 +00:00 [INF] Request finished HTTP/1.1 POST http://localhost:8080/users/login - 200 null application/json; charset=utf-8 1089.857ms
2026-09-05 14:42:05.005 +00:00 [INF] Request starting HTTP/1.1 POST http://localhost:8080/users/login - application/json 55
2026-09-05 14:42:05.006 +00:00 [INF] Executing endpoint 'ProductsApi.Modules.Users.UsersController.Login (ProductsApi)'
2026-09-05 14:42:05.006 +00:00 [INF] Route matched with {action = "Login", controller = "Users"}. Executing controller action with signature System.Threading.Tasks.Task`1[Microsoft.AspNetCore.Mvc.IActionResult] Login(ProductsApi.Modules.Users.Application.DTOs.LoginDto) on controller ProductsApi.Modules.Users.UsersController (ProductsApi).
2026-09-05 14:42:05.040 +00:00 [INF] Executed DbCommand (1ms) [Parameters=[@__email_0='?'], CommandType='"Text"', CommandTimeout='30']
SELECT u."Id", u."CreatedAt", u."Email", u."Name", u."PasswordHash", u."Role"
FROM "Users" AS u
WHERE u."Email" = @__email_0
LIMIT 1
2026-09-05 14:42:05.284 +00:00 [INF] Executing OkObjectResult, writing value of type 'ProductsApi.Modules.Users.Application.DTOs.AuthResponse'.
2026-09-05 14:42:05.285 +00:00 [INF] Executed action ProductsApi.Modules.Users.UsersController.Login (ProductsApi) in 278.4725ms
2026-09-05 14:42:05.286 +00:00 [INF] Executed endpoint 'ProductsApi.Modules.Users.UsersController.Login (ProductsApi)'
2026-09-05 14:42:05.286 +00:00 [INF] HTTP POST /users/login responded 200 in 280.0471 ms
2026-09-05 14:42:05.286 +00:00 [INF] Request finished HTTP/1.1 POST http://localhost:8080/users/login - 200 null application/json; charset=utf-8 281.3982ms
2026-09-05 14:42:06.053 +00:00 [INF] Request starting HTTP/1.1 POST http://localhost:8080/users/login - application/json 55
2026-09-05 14:42:06.054 +00:00 [INF] Executing endpoint 'ProductsApi.Modules.Users.UsersController.Login (ProductsApi)'
2026-09-05 14:42:06.054 +00:00 [INF] Route matched with {action = "Login", controller = "Users"}. Executing controller action with signature System.Threading.Tasks.Task`1[Microsoft.AspNetCore.Mvc.IActionResult] Login(ProductsApi.Modules.Users.Application.DTOs.LoginDto) on controller ProductsApi.Modules.Users.UsersController (ProductsApi).
2026-09-05 14:42:06.065 +00:00 [INF] Executed DbCommand (1ms) [Parameters=[@__email_0='?'], CommandType='"Text"', CommandTimeout='30']
SELECT u."Id", u."CreatedAt", u."Email", u."Name", u."PasswordHash", u."Role"
FROM "Users" AS u
WHERE u."Email" = @__email_0
LIMIT 1
2026-09-05 14:42:06.164 +00:00 [INF] Executing OkObjectResult, writing value of type 'ProductsApi.Modules.Users.Application.DTOs.AuthResponse'.
2026-09-05 14:42:06.165 +00:00 [INF] Executed action ProductsApi.Modules.Users.UsersController.Login (ProductsApi) in 110.1613ms
2026-09-05 14:42:06.165 +00:00 [INF] Executed endpoint 'ProductsApi.Modules.Users.UsersController.Login (ProductsApi)'
2026-09-05 14:42:06.166 +00:00 [INF] HTTP POST /users/login responded 200 in 112.0126 ms
2026-09-05 14:42:06.167 +00:00 [INF] Request finished HTTP/1.1 POST http://localhost:8080/users/login - 200 null application/json; charset=utf-8 113.5782ms
2026-09-05 14:42:06.728 +00:00 [INF] Request starting HTTP/1.1 POST http://localhost:8080/users/login - application/json 55
2026-09-05 14:42:06.728 +00:00 [INF] Executing endpoint 'ProductsApi.Modules.Users.UsersController.Login (ProductsApi)'
2026-09-05 14:42:06.729 +00:00 [INF] Route matched with {action = "Login", controller = "Users"}. Executing controller action with signature System.Threading.Tasks.Task`1[Microsoft.AspNetCore.Mvc.IActionResult] Login(ProductsApi.Modules.Users.Application.DTOs.LoginDto) on controller ProductsApi.Modules.Users.UsersController (ProductsApi).
2026-09-05 14:42:06.731 +00:00 [INF] Executed DbCommand (1ms) [Parameters=[@__email_0='?'], CommandType='"Text"', CommandTimeout='30']
SELECT u."Id", u."CreatedAt", u."Email", u."Name", u."PasswordHash", u."Role"
FROM "Users" AS u
WHERE u."Email" = @__email_0
LIMIT 1
2026-09-05 14:42:06.830 +00:00 [INF] Executing OkObjectResult, writing value of type 'ProductsApi.Modules.Users.Application.DTOs.AuthResponse'.
2026-09-05 14:42:06.831 +00:00 [INF] Executed action ProductsApi.Modules.Users.UsersController.Login (ProductsApi) in 101.5296ms
2026-09-05 14:42:06.831 +00:00 [INF] Executed endpoint 'ProductsApi.Modules.Users.UsersController.Login (ProductsApi)'
2026-09-05 14:42:06.831 +00:00 [INF] HTTP POST /users/login responded 200 in 102.7683 ms
2026-09-05 14:42:06.831 +00:00 [INF] Request finished HTTP/1.1 POST http://localhost:8080/users/login - 200 null application/json; charset=utf-8 103.6439ms
2026-09-05 14:42:07.322 +00:00 [INF] Request starting HTTP/1.1 POST http://localhost:8080/users/login - application/json 55
2026-09-05 14:42:07.323 +00:00 [INF] Executing endpoint 'ProductsApi.Modules.Users.UsersController.Login (ProductsApi)'
2026-09-05 14:42:07.323 +00:00 [INF] Route matched with {action = "Login", controller = "Users"}. Executing controller action with signature System.Threading.Tasks.Task`1[Microsoft.AspNetCore.Mvc.IActionResult] Login(ProductsApi.Modules.Users.Application.DTOs.LoginDto) on controller ProductsApi.Modules.Users.UsersController (ProductsApi).
2026-09-05 14:42:07.325 +00:00 [INF] Executed DbCommand (1ms) [Parameters=[@__email_0='?'], CommandType='"Text"', CommandTimeout='30']
SELECT u."Id", u."CreatedAt", u."Email", u."Name", u."PasswordHash", u."Role"
FROM "Users" AS u
WHERE u."Email" = @__email_0
LIMIT 1
2026-09-05 14:42:07.423 +00:00 [INF] Executing OkObjectResult, writing value of type 'ProductsApi.Modules.Users.Application.DTOs.AuthResponse'.
2026-09-05 14:42:07.424 +00:00 [INF] Executed action ProductsApi.Modules.Users.UsersController.Login (ProductsApi) in 100.4127ms
2026-09-05 14:42:07.424 +00:00 [INF] Executed endpoint 'ProductsApi.Modules.Users.UsersController.Login (ProductsApi)'
2026-09-05 14:42:07.424 +00:00 [INF] HTTP POST /users/login responded 200 in 101.4804 ms
2026-09-05 14:42:07.425 +00:00 [INF] Request finished HTTP/1.1 POST http://localhost:8080/users/login - 200 null application/json; charset=utf-8 102.6615ms
2026-09-05 14:42:07.856 +00:00 [INF] Request starting HTTP/1.1 POST http://localhost:8080/users/login - application/json 55
2026-09-05 14:42:07.856 +00:00 [INF] Executing endpoint 'ProductsApi.Modules.Users.UsersController.Login (ProductsApi)'
2026-09-05 14:42:07.857 +00:00 [INF] Route matched with {action = "Login", controller = "Users"}. Executing controller action with signature System.Threading.Tasks.Task`1[Microsoft.AspNetCore.Mvc.IActionResult] Login(ProductsApi.Modules.Users.Application.DTOs.LoginDto) on controller ProductsApi.Modules.Users.UsersController (ProductsApi).
2026-09-05 14:42:07.860 +00:00 [INF] Executed DbCommand (1ms) [Parameters=[@__email_0='?'], CommandType='"Text"', CommandTimeout='30']
SELECT u."Id", u."CreatedAt", u."Email", u."Name", u."PasswordHash", u."Role"
FROM "Users" AS u
WHERE u."Email" = @__email_0
LIMIT 1
2026-09-05 14:42:07.960 +00:00 [INF] Executing OkObjectResult, writing value of type 'ProductsApi.Modules.Users.Application.DTOs.AuthResponse'.
2026-09-05 14:42:07.960 +00:00 [INF] Executed action ProductsApi.Modules.Users.UsersController.Login (ProductsApi) in 102.9683ms
2026-09-05 14:42:07.960 +00:00 [INF] Executed endpoint 'ProductsApi.Modules.Users.UsersController.Login (ProductsApi)'
2026-09-05 14:42:07.961 +00:00 [INF] HTTP POST /users/login responded 200 in 104.7049 ms
2026-09-05 14:42:07.961 +00:00 [INF] Request finished HTTP/1.1 POST http://localhost:8080/users/login - 200 null application/json; charset=utf-8 105.7008ms
2026-09-05 14:42:08.622 +00:00 [INF] Request starting HTTP/1.1 POST http://localhost:8080/users/login - application/json 55
2026-09-05 14:42:08.623 +00:00 [INF] Executing endpoint 'ProductsApi.Modules.Users.UsersController.Login (ProductsApi)'
2026-09-05 14:42:08.623 +00:00 [INF] Route matched with {action = "Login", controller = "Users"}. Executing controller action with signature System.Threading.Tasks.Task`1[Microsoft.AspNetCore.Mvc.IActionResult] Login(ProductsApi.Modules.Users.Application.DTOs.LoginDto) on controller ProductsApi.Modules.Users.UsersController (ProductsApi).
2026-09-05 14:42:08.626 +00:00 [INF] Executed DbCommand (1ms) [Parameters=[@__email_0='?'], CommandType='"Text"', CommandTimeout='30']
SELECT u."Id", u."CreatedAt", u."Email", u."Name", u."PasswordHash", u."Role"
FROM "Users" AS u
WHERE u."Email" = @__email_0
LIMIT 1
2026-09-05 14:42:08.733 +00:00 [INF] Executing OkObjectResult, writing value of type 'ProductsApi.Modules.Users.Application.DTOs.AuthResponse'.
2026-09-05 14:42:08.734 +00:00 [INF] Executed action ProductsApi.Modules.Users.UsersController.Login (ProductsApi) in 110.4396ms
2026-09-05 14:42:08.734 +00:00 [INF] Executed endpoint 'ProductsApi.Modules.Users.UsersController.Login (ProductsApi)'
2026-09-05 14:42:08.735 +00:00 [INF] HTTP POST /users/login responded 200 in 111.8454 ms
2026-09-05 14:42:08.735 +00:00 [INF] Request finished HTTP/1.1 POST http://localhost:8080/users/login - 200 null application/json; charset=utf-8 113.0815ms
2026-09-05 14:42:09.638 +00:00 [INF] Request starting HTTP/1.1 POST http://localhost:8080/users/login - application/json 55
2026-09-05 14:42:09.639 +00:00 [INF] Executing endpoint 'ProductsApi.Modules.Users.UsersController.Login (ProductsApi)'
2026-09-05 14:42:09.639 +00:00 [INF] Route matched with {action = "Login", controller = "Users"}. Executing controller action with signature System.Threading.Tasks.Task`1[Microsoft.AspNetCore.Mvc.IActionResult] Login(ProductsApi.Modules.Users.Application.DTOs.LoginDto) on controller ProductsApi.Modules.Users.UsersController (ProductsApi).
2026-09-05 14:42:09.641 +00:00 [INF] Executed DbCommand (1ms) [Parameters=[@__email_0='?'], CommandType='"Text"', CommandTimeout='30']
SELECT u."Id", u."CreatedAt", u."Email", u."Name", u."PasswordHash", u."Role"
FROM "Users" AS u
WHERE u."Email" = @__email_0
LIMIT 1
2026-09-05 14:42:09.741 +00:00 [INF] Executing OkObjectResult, writing value of type 'ProductsApi.Modules.Users.Application.DTOs.AuthResponse'.
2026-09-05 14:42:09.742 +00:00 [INF] Executed action ProductsApi.Modules.Users.UsersController.Login (ProductsApi) in 102.5735ms
2026-09-05 14:42:09.742 +00:00 [INF] Executed endpoint 'ProductsApi.Modules.Users.UsersController.Login (ProductsApi)'
2026-09-05 14:42:09.743 +00:00 [INF] HTTP POST /users/login responded 200 in 104.1572 ms
2026-09-05 14:42:09.743 +00:00 [INF] Request finished HTTP/1.1 POST http://localhost:8080/users/login - 200 null application/json; charset=utf-8 105.4462ms
2026-09-05 14:42:10.194 +00:00 [INF] Request starting HTTP/1.1 POST http://localhost:8080/users/login - application/json 55
2026-09-05 14:42:10.195 +00:00 [INF] Executing endpoint 'ProductsApi.Modules.Users.UsersController.Login (ProductsApi)'
2026-09-05 14:42:10.195 +00:00 [INF] Route matched with {action = "Login", controller = "Users"}. Executing controller action with signature System.Threading.Tasks.Task`1[Microsoft.AspNetCore.Mvc.IActionResult] Login(ProductsApi.Modules.Users.Application.DTOs.LoginDto) on controller ProductsApi.Modules.Users.UsersController (ProductsApi).
2026-09-05 14:42:10.197 +00:00 [INF] Executed DbCommand (1ms) [Parameters=[@__email_0='?'], CommandType='"Text"', CommandTimeout='30']
SELECT u."Id", u."CreatedAt", u."Email", u."Name", u."PasswordHash", u."Role"
FROM "Users" AS u
WHERE u."Email" = @__email_0
LIMIT 1
2026-09-05 14:42:10.296 +00:00 [INF] Executing OkObjectResult, writing value of type 'ProductsApi.Modules.Users.Application.DTOs.AuthResponse'.
2026-09-05 14:42:10.297 +00:00 [INF] Executed action ProductsApi.Modules.Users.UsersController.Login (ProductsApi) in 101.2451ms
2026-09-05 14:42:10.297 +00:00 [INF] Executed endpoint 'ProductsApi.Modules.Users.UsersController.Login (ProductsApi)'
2026-09-05 14:42:10.297 +00:00 [INF] HTTP POST /users/login responded 200 in 102.4120 ms
2026-09-05 14:42:10.298 +00:00 [INF] Request finished HTTP/1.1 POST http://localhost:8080/users/login - 200 null application/json; charset=utf-8 103.4508ms
2026-09-05 14:42:10.701 +00:00 [INF] Request starting HTTP/1.1 POST http://localhost:8080/users/login - application/json 55
2026-09-05 14:42:10.701 +00:00 [INF] Executing endpoint 'ProductsApi.Modules.Users.UsersController.Login (ProductsApi)'
2026-09-05 14:42:10.702 +00:00 [INF] Route matched with {action = "Login", controller = "Users"}. Executing controller action with signature System.Threading.Tasks.Task`1[Microsoft.AspNetCore.Mvc.IActionResult] Login(ProductsApi.Modules.Users.Application.DTOs.LoginDto) on controller ProductsApi.Modules.Users.UsersController (ProductsApi).
2026-09-05 14:42:10.704 +00:00 [INF] Executed DbCommand (1ms) [Parameters=[@__email_0='?'], CommandType='"Text"', CommandTimeout='30']
SELECT u."Id", u."CreatedAt", u."Email", u."Name", u."PasswordHash", u."Role"
FROM "Users" AS u
WHERE u."Email" = @__email_0
LIMIT 1
2026-09-05 14:42:10.803 +00:00 [INF] Executing OkObjectResult, writing value of type 'ProductsApi.Modules.Users.Application.DTOs.AuthResponse'.
2026-09-05 14:42:10.803 +00:00 [INF] Executed action ProductsApi.Modules.Users.UsersController.Login (ProductsApi) in 101.1823ms
2026-09-05 14:42:10.804 +00:00 [INF] Executed endpoint 'ProductsApi.Modules.Users.UsersController.Login (ProductsApi)'
2026-09-05 14:42:10.804 +00:00 [INF] HTTP POST /users/login responded 200 in 102.3974 ms
2026-09-05 14:42:10.804 +00:00 [INF] Request finished HTTP/1.1 POST http://localhost:8080/users/login - 200 null application/json; charset=utf-8 103.2873ms
2026-09-05 14:42:11.192 +00:00 [INF] Request starting HTTP/1.1 POST http://localhost:8080/users/login - application/json 55
2026-09-05 14:42:11.193 +00:00 [INF] Executing endpoint 'ProductsApi.Modules.Users.UsersController.Login (ProductsApi)'
2026-09-05 14:42:11.193 +00:00 [INF] Route matched with {action = "Login", controller = "Users"}. Executing controller action with signature System.Threading.Tasks.Task`1[Microsoft.AspNetCore.Mvc.IActionResult] Login(ProductsApi.Modules.Users.Application.DTOs.LoginDto) on controller ProductsApi.Modules.Users.UsersController (ProductsApi).
2026-09-05 14:42:11.196 +00:00 [INF] Executed DbCommand (1ms) [Parameters=[@__email_0='?'], CommandType='"Text"', CommandTimeout='30']
SELECT u."Id", u."CreatedAt", u."Email", u."Name", u."PasswordHash", u."Role"
FROM "Users" AS u
WHERE u."Email" = @__email_0
LIMIT 1
2026-09-05 14:42:11.295 +00:00 [INF] Executing OkObjectResult, writing value of type 'ProductsApi.Modules.Users.Application.DTOs.AuthResponse'.
2026-09-05 14:42:11.296 +00:00 [INF] Executed action ProductsApi.Modules.Users.UsersController.Login (ProductsApi) in 102.1511ms
2026-09-05 14:42:11.296 +00:00 [INF] Executed endpoint 'ProductsApi.Modules.Users.UsersController.Login (ProductsApi)'
2026-09-05 14:42:11.296 +00:00 [INF] HTTP POST /users/login responded 200 in 103.4228 ms
2026-09-05 14:42:11.297 +00:00 [INF] Request finished HTTP/1.1 POST http://localhost:8080/users/login - 200 null application/json; charset=utf-8 104.5852ms
2026-09-05 14:42:11.618 +00:00 [INF] Request starting HTTP/1.1 POST http://localhost:8080/users/login - application/json 55
2026-09-05 14:42:11.619 +00:00 [INF] Executing endpoint 'ProductsApi.Modules.Users.UsersController.Login (ProductsApi)'
2026-09-05 14:42:11.619 +00:00 [INF] Route matched with {action = "Login", controller = "Users"}. Executing controller action with signature System.Threading.Tasks.Task`1[Microsoft.AspNetCore.Mvc.IActionResult] Login(ProductsApi.Modules.Users.Application.DTOs.LoginDto) on controller ProductsApi.Modules.Users.UsersController (ProductsApi).
2026-09-05 14:42:11.621 +00:00 [INF] Executed DbCommand (1ms) [Parameters=[@__email_0='?'], CommandType='"Text"', CommandTimeout='30']
SELECT u."Id", u."CreatedAt", u."Email", u."Name", u."PasswordHash", u."Role"
FROM "Users" AS u
WHERE u."Email" = @__email_0
LIMIT 1
2026-09-05 14:42:11.722 +00:00 [INF] Executing OkObjectResult, writing value of type 'ProductsApi.Modules.Users.Application.DTOs.AuthResponse'.
2026-09-05 14:42:11.722 +00:00 [INF] Executed action ProductsApi.Modules.Users.UsersController.Login (ProductsApi) in 103.1858ms
2026-09-05 14:42:11.722 +00:00 [INF] Executed endpoint 'ProductsApi.Modules.Users.UsersController.Login (ProductsApi)'
2026-09-05 14:42:11.723 +00:00 [INF] HTTP POST /users/login responded 200 in 104.1875 ms
2026-09-05 14:42:11.723 +00:00 [INF] Request finished HTTP/1.1 POST http://localhost:8080/users/login - 200 null application/json; charset=utf-8 105.1189ms
2026-09-05 14:42:12.028 +00:00 [INF] Request starting HTTP/1.1 POST http://localhost:8080/users/login - application/json 55
2026-09-05 14:42:12.029 +00:00 [INF] Executing endpoint 'ProductsApi.Modules.Users.UsersController.Login (ProductsApi)'
2026-09-05 14:42:12.029 +00:00 [INF] Route matched with {action = "Login", controller = "Users"}. Executing controller action with signature System.Threading.Tasks.Task`1[Microsoft.AspNetCore.Mvc.IActionResult] Login(ProductsApi.Modules.Users.Application.DTOs.LoginDto) on controller ProductsApi.Modules.Users.UsersController (ProductsApi).
2026-09-05 14:42:12.031 +00:00 [INF] Executed DbCommand (1ms) [Parameters=[@__email_0='?'], CommandType='"Text"', CommandTimeout='30']
SELECT u."Id", u."CreatedAt", u."Email", u."Name", u."PasswordHash", u."Role"
FROM "Users" AS u
WHERE u."Email" = @__email_0
LIMIT 1
2026-09-05 14:42:12.130 +00:00 [INF] Executing OkObjectResult, writing value of type 'ProductsApi.Modules.Users.Application.DTOs.AuthResponse'.
2026-09-05 14:42:12.130 +00:00 [INF] Executed action ProductsApi.Modules.Users.UsersController.Login (ProductsApi) in 100.4717ms
2026-09-05 14:42:12.130 +00:00 [INF] Executed endpoint 'ProductsApi.Modules.Users.UsersController.Login (ProductsApi)'
2026-09-05 14:42:12.130 +00:00 [INF] HTTP POST /users/login responded 200 in 101.6449 ms
2026-09-05 14:42:12.131 +00:00 [INF] Request finished HTTP/1.1 POST http://localhost:8080/users/login - 200 null application/json; charset=utf-8 102.7153ms
2026-09-05 14:42:12.404 +00:00 [INF] Request starting HTTP/1.1 POST http://localhost:8080/users/login - application/json 55
2026-09-05 14:42:12.405 +00:00 [INF] Executing endpoint 'ProductsApi.Modules.Users.UsersController.Login (ProductsApi)'
2026-09-05 14:42:12.405 +00:00 [INF] Route matched with {action = "Login", controller = "Users"}. Executing controller action with signature System.Threading.Tasks.Task`1[Microsoft.AspNetCore.Mvc.IActionResult] Login(ProductsApi.Modules.Users.Application.DTOs.LoginDto) on controller ProductsApi.Modules.Users.UsersController (ProductsApi).
2026-09-05 14:42:12.407 +00:00 [INF] Executed DbCommand (1ms) [Parameters=[@__email_0='?'], CommandType='"Text"', CommandTimeout='30']
SELECT u."Id", u."CreatedAt", u."Email", u."Name", u."PasswordHash", u."Role"
FROM "Users" AS u
WHERE u."Email" = @__email_0
LIMIT 1
2026-09-05 14:42:12.506 +00:00 [INF] Executing OkObjectResult, writing value of type 'ProductsApi.Modules.Users.Application.DTOs.AuthResponse'.
2026-09-05 14:42:12.506 +00:00 [INF] Executed action ProductsApi.Modules.Users.UsersController.Login (ProductsApi) in 100.6749ms
2026-09-05 14:42:12.506 +00:00 [INF] Executed endpoint 'ProductsApi.Modules.Users.UsersController.Login (ProductsApi)'
2026-09-05 14:42:12.507 +00:00 [INF] HTTP POST /users/login responded 200 in 102.1385 ms
2026-09-05 14:42:12.507 +00:00 [INF] Request finished HTTP/1.1 POST http://localhost:8080/users/login - 200 null application/json; charset=utf-8 103.273ms
2026-09-05 14:42:12.801 +00:00 [INF] Request starting HTTP/1.1 POST http://localhost:8080/users/login - application/json 55
2026-09-05 14:42:12.801 +00:00 [INF] Executing endpoint 'ProductsApi.Modules.Users.UsersController.Login (ProductsApi)'
2026-09-05 14:42:12.802 +00:00 [INF] Route matched with {action = "Login", controller = "Users"}. Executing controller action with signature System.Threading.Tasks.Task`1[Microsoft.AspNetCore.Mvc.IActionResult] Login(ProductsApi.Modules.Users.Application.DTOs.LoginDto) on controller ProductsApi.Modules.Users.UsersController (ProductsApi).
2026-09-05 14:42:12.803 +00:00 [INF] Executed DbCommand (1ms) [Parameters=[@__email_0='?'], CommandType='"Text"', CommandTimeout='30']
SELECT u."Id", u."CreatedAt", u."Email", u."Name", u."PasswordHash", u."Role"
FROM "Users" AS u
WHERE u."Email" = @__email_0
LIMIT 1
2026-09-05 14:42:12.904 +00:00 [INF] Executing OkObjectResult, writing value of type 'ProductsApi.Modules.Users.Application.DTOs.AuthResponse'.
2026-09-05 14:42:12.904 +00:00 [INF] Executed action ProductsApi.Modules.Users.UsersController.Login (ProductsApi) in 102.4896ms
2026-09-05 14:42:12.905 +00:00 [INF] Executed endpoint 'ProductsApi.Modules.Users.UsersController.Login (ProductsApi)'
2026-09-05 14:42:12.905 +00:00 [INF] HTTP POST /users/login responded 200 in 103.6628 ms
2026-09-05 14:42:12.906 +00:00 [INF] Request finished HTTP/1.1 POST http://localhost:8080/users/login - 200 null application/json; charset=utf-8 105.0355ms
2026-09-05 14:42:13.175 +00:00 [INF] Request starting HTTP/1.1 POST http://localhost:8080/users/login - application/json 55
2026-09-05 14:42:13.176 +00:00 [INF] Executing endpoint 'ProductsApi.Modules.Users.UsersController.Login (ProductsApi)'
2026-09-05 14:42:13.176 +00:00 [INF] Route matched with {action = "Login", controller = "Users"}. Executing controller action with signature System.Threading.Tasks.Task`1[Microsoft.AspNetCore.Mvc.IActionResult] Login(ProductsApi.Modules.Users.Application.DTOs.LoginDto) on controller ProductsApi.Modules.Users.UsersController (ProductsApi).
2026-09-05 14:42:13.179 +00:00 [INF] Executed DbCommand (1ms) [Parameters=[@__email_0='?'], CommandType='"Text"', CommandTimeout='30']
SELECT u."Id", u."CreatedAt", u."Email", u."Name", u."PasswordHash", u."Role"
FROM "Users" AS u
WHERE u."Email" = @__email_0
LIMIT 1
2026-09-05 14:42:13.278 +00:00 [INF] Executing OkObjectResult, writing value of type 'ProductsApi.Modules.Users.Application.DTOs.AuthResponse'.
2026-09-05 14:42:13.278 +00:00 [INF] Executed action ProductsApi.Modules.Users.UsersController.Login (ProductsApi) in 101.5284ms
2026-09-05 14:42:13.279 +00:00 [INF] Executed endpoint 'ProductsApi.Modules.Users.UsersController.Login (ProductsApi)'
2026-09-05 14:42:13.279 +00:00 [INF] HTTP POST /users/login responded 200 in 102.8283 ms
2026-09-05 14:42:13.279 +00:00 [INF] Request finished HTTP/1.1 POST http://localhost:8080/users/login - 200 null application/json; charset=utf-8 103.9987ms
2026-09-05 14:42:13.549 +00:00 [INF] Request starting HTTP/1.1 POST http://localhost:8080/users/login - application/json 55
2026-09-05 14:42:13.550 +00:00 [INF] Executing endpoint 'ProductsApi.Modules.Users.UsersController.Login (ProductsApi)'
2026-09-05 14:42:13.550 +00:00 [INF] Route matched with {action = "Login", controller = "Users"}. Executing controller action with signature System.Threading.Tasks.Task`1[Microsoft.AspNetCore.Mvc.IActionResult] Login(ProductsApi.Modules.Users.Application.DTOs.LoginDto) on controller ProductsApi.Modules.Users.UsersController (ProductsApi).
2026-09-05 14:42:13.552 +00:00 [INF] Executed DbCommand (1ms) [Parameters=[@__email_0='?'], CommandType='"Text"', CommandTimeout='30']
SELECT u."Id", u."CreatedAt", u."Email", u."Name", u."PasswordHash", u."Role"
FROM "Users" AS u
WHERE u."Email" = @__email_0
LIMIT 1
2026-09-05 14:42:13.650 +00:00 [INF] Executing OkObjectResult, writing value of type 'ProductsApi.Modules.Users.Application.DTOs.AuthResponse'.
2026-09-05 14:42:13.650 +00:00 [INF] Executed action ProductsApi.Modules.Users.UsersController.Login (ProductsApi) in 100.3182ms
2026-09-05 14:42:13.651 +00:00 [INF] Executed endpoint 'ProductsApi.Modules.Users.UsersController.Login (ProductsApi)'
2026-09-05 14:42:13.651 +00:00 [INF] HTTP POST /users/login responded 200 in 101.3586 ms
2026-09-05 14:42:13.651 +00:00 [INF] Request finished HTTP/1.1 POST http://localhost:8080/users/login - 200 null application/json; charset=utf-8 102.2559ms
2026-09-05 14:42:13.908 +00:00 [INF] Request starting HTTP/1.1 POST http://localhost:8080/users/login - application/json 55
2026-09-05 14:42:13.909 +00:00 [INF] Executing endpoint 'ProductsApi.Modules.Users.UsersController.Login (ProductsApi)'
2026-09-05 14:42:13.909 +00:00 [INF] Route matched with {action = "Login", controller = "Users"}. Executing controller action with signature System.Threading.Tasks.Task`1[Microsoft.AspNetCore.Mvc.IActionResult] Login(ProductsApi.Modules.Users.Application.DTOs.LoginDto) on controller ProductsApi.Modules.Users.UsersController (ProductsApi).
2026-09-05 14:42:13.911 +00:00 [INF] Executed DbCommand (1ms) [Parameters=[@__email_0='?'], CommandType='"Text"', CommandTimeout='30']
SELECT u."Id", u."CreatedAt", u."Email", u."Name", u."PasswordHash", u."Role"
FROM "Users" AS u
WHERE u."Email" = @__email_0
LIMIT 1
2026-09-05 14:42:14.010 +00:00 [INF] Executing OkObjectResult, writing value of type 'ProductsApi.Modules.Users.Application.DTOs.AuthResponse'.
2026-09-05 14:42:14.010 +00:00 [INF] Executed action ProductsApi.Modules.Users.UsersController.Login (ProductsApi) in 101.0822ms
2026-09-05 14:42:14.011 +00:00 [INF] Executed endpoint 'ProductsApi.Modules.Users.UsersController.Login (ProductsApi)'
2026-09-05 14:42:14.011 +00:00 [INF] HTTP POST /users/login responded 200 in 102.3689 ms
2026-09-05 14:42:14.011 +00:00 [INF] Request finished HTTP/1.1 POST http://localhost:8080/users/login - 200 null application/json; charset=utf-8 103.3792ms
2026-09-05 14:42:14.267 +00:00 [INF] Request starting HTTP/1.1 POST http://localhost:8080/users/login - application/json 55
2026-09-05 14:42:14.268 +00:00 [INF] Executing endpoint 'ProductsApi.Modules.Users.UsersController.Login (ProductsApi)'
2026-09-05 14:42:14.268 +00:00 [INF] Route matched with {action = "Login", controller = "Users"}. Executing controller action with signature System.Threading.Tasks.Task`1[Microsoft.AspNetCore.Mvc.IActionResult] Login(ProductsApi.Modules.Users.Application.DTOs.LoginDto) on controller ProductsApi.Modules.Users.UsersController (ProductsApi).
2026-09-05 14:42:14.271 +00:00 [INF] Executed DbCommand (1ms) [Parameters=[@__email_0='?'], CommandType='"Text"', CommandTimeout='30']
SELECT u."Id", u."CreatedAt", u."Email", u."Name", u."PasswordHash", u."Role"
FROM "Users" AS u
WHERE u."Email" = @__email_0
LIMIT 1
2026-09-05 14:42:14.369 +00:00 [INF] Executing OkObjectResult, writing value of type 'ProductsApi.Modules.Users.Application.DTOs.AuthResponse'.
2026-09-05 14:42:14.369 +00:00 [INF] Executed action ProductsApi.Modules.Users.UsersController.Login (ProductsApi) in 100.461ms
2026-09-05 14:42:14.369 +00:00 [INF] Executed endpoint 'ProductsApi.Modules.Users.UsersController.Login (ProductsApi)'
2026-09-05 14:42:14.370 +00:00 [INF] HTTP POST /users/login responded 200 in 101.8182 ms
2026-09-05 14:42:14.370 +00:00 [INF] Request finished HTTP/1.1 POST http://localhost:8080/users/login - 200 null application/json; charset=utf-8 102.7461ms
2026-09-05 14:42:41.151 +00:00 [INF] Request starting HTTP/1.1 POST http://localhost:8080/users/login - application/json 55
2026-09-05 14:42:41.151 +00:00 [INF] Executing endpoint 'ProductsApi.Modules.Users.UsersController.Login (ProductsApi)'
2026-09-05 14:42:41.152 +00:00 [INF] Route matched with {action = "Login", controller = "Users"}. Executing controller action with signature System.Threading.Tasks.Task`1[Microsoft.AspNetCore.Mvc.IActionResult] Login(ProductsApi.Modules.Users.Application.DTOs.LoginDto) on controller ProductsApi.Modules.Users.UsersController (ProductsApi).
2026-09-05 14:42:41.154 +00:00 [INF] Executed DbCommand (1ms) [Parameters=[@__email_0='?'], CommandType='"Text"', CommandTimeout='30']
SELECT u."Id", u."CreatedAt", u."Email", u."Name", u."PasswordHash", u."Role"
FROM "Users" AS u
WHERE u."Email" = @__email_0
LIMIT 1
2026-09-05 14:42:41.256 +00:00 [INF] Executing OkObjectResult, writing value of type 'ProductsApi.Modules.Users.Application.DTOs.AuthResponse'.
2026-09-05 14:42:41.256 +00:00 [INF] Executed action ProductsApi.Modules.Users.UsersController.Login (ProductsApi) in 103.7368ms
2026-09-05 14:42:41.256 +00:00 [INF] Executed endpoint 'ProductsApi.Modules.Users.UsersController.Login (ProductsApi)'
2026-09-05 14:42:41.256 +00:00 [INF] HTTP POST /users/login responded 200 in 105.0973 ms
2026-09-05 14:42:41.257 +00:00 [INF] Request finished HTTP/1.1 POST http://localhost:8080/users/login - 200 null application/json; charset=utf-8 106.0267ms
2026-09-05 14:42:41.686 +00:00 [INF] Request starting HTTP/1.1 POST http://localhost:8080/users/login - application/json 55
2026-09-05 14:42:41.687 +00:00 [INF] Executing endpoint 'ProductsApi.Modules.Users.UsersController.Login (ProductsApi)'
2026-09-05 14:42:41.687 +00:00 [INF] Route matched with {action = "Login", controller = "Users"}. Executing controller action with signature System.Threading.Tasks.Task`1[Microsoft.AspNetCore.Mvc.IActionResult] Login(ProductsApi.Modules.Users.Application.DTOs.LoginDto) on controller ProductsApi.Modules.Users.UsersController (ProductsApi).
2026-09-05 14:42:41.689 +00:00 [INF] Executed DbCommand (1ms) [Parameters=[@__email_0='?'], CommandType='"Text"', CommandTimeout='30']
SELECT u."Id", u."CreatedAt", u."Email", u."Name", u."PasswordHash", u."Role"
FROM "Users" AS u
WHERE u."Email" = @__email_0
LIMIT 1
2026-09-05 14:42:41.789 +00:00 [INF] Executing OkObjectResult, writing value of type 'ProductsApi.Modules.Users.Application.DTOs.AuthResponse'.
2026-09-05 14:42:41.789 +00:00 [INF] Executed action ProductsApi.Modules.Users.UsersController.Login (ProductsApi) in 101.7279ms
2026-09-05 14:42:41.789 +00:00 [INF] Executed endpoint 'ProductsApi.Modules.Users.UsersController.Login (ProductsApi)'
2026-09-05 14:42:41.789 +00:00 [INF] HTTP POST /users/login responded 200 in 102.7100 ms
2026-09-05 14:42:41.790 +00:00 [INF] Request finished HTTP/1.1 POST http://localhost:8080/users/login - 200 null application/json; charset=utf-8 103.6488ms
2026-09-05 14:42:41.914 +00:00 [INF] Request starting HTTP/1.1 POST http://localhost:8080/users/login - application/json 55
2026-09-05 14:42:41.914 +00:00 [INF] Executing endpoint 'ProductsApi.Modules.Users.UsersController.Login (ProductsApi)'
2026-09-05 14:42:41.914 +00:00 [INF] Route matched with {action = "Login", controller = "Users"}. Executing controller action with signature System.Threading.Tasks.Task`1[Microsoft.AspNetCore.Mvc.IActionResult] Login(ProductsApi.Modules.Users.Application.DTOs.LoginDto) on controller ProductsApi.Modules.Users.UsersController (ProductsApi).
2026-09-05 14:42:41.917 +00:00 [INF] Executed DbCommand (1ms) [Parameters=[@__email_0='?'], CommandType='"Text"', CommandTimeout='30']
SELECT u."Id", u."CreatedAt", u."Email", u."Name", u."PasswordHash", u."Role"
FROM "Users" AS u
WHERE u."Email" = @__email_0
LIMIT 1
2026-09-05 14:42:42.016 +00:00 [INF] Executing OkObjectResult, writing value of type 'ProductsApi.Modules.Users.Application.DTOs.AuthResponse'.
2026-09-05 14:42:42.016 +00:00 [INF] Executed action ProductsApi.Modules.Users.UsersController.Login (ProductsApi) in 101.468ms
2026-09-05 14:42:42.017 +00:00 [INF] Executed endpoint 'ProductsApi.Modules.Users.UsersController.Login (ProductsApi)'
2026-09-05 14:42:42.017 +00:00 [INF] HTTP POST /users/login responded 200 in 102.6675 ms
2026-09-05 14:42:42.017 +00:00 [INF] Request finished HTTP/1.1 POST http://localhost:8080/users/login - 200 null application/json; charset=utf-8 103.5814ms
2026-09-05 14:42:42.109 +00:00 [INF] Request starting HTTP/1.1 POST http://localhost:8080/users/login - application/json 55
2026-09-05 14:42:42.110 +00:00 [INF] Executing endpoint 'ProductsApi.Modules.Users.UsersController.Login (ProductsApi)'
2026-09-05 14:42:42.110 +00:00 [INF] Route matched with {action = "Login", controller = "Users"}. Executing controller action with signature System.Threading.Tasks.Task`1[Microsoft.AspNetCore.Mvc.IActionResult] Login(ProductsApi.Modules.Users.Application.DTOs.LoginDto) on controller ProductsApi.Modules.Users.UsersController (ProductsApi).
2026-09-05 14:42:42.112 +00:00 [INF] Executed DbCommand (1ms) [Parameters=[@__email_0='?'], CommandType='"Text"', CommandTimeout='30']
SELECT u."Id", u."CreatedAt", u."Email", u."Name", u."PasswordHash", u."Role"
FROM "Users" AS u
WHERE u."Email" = @__email_0
LIMIT 1
2026-09-05 14:42:42.210 +00:00 [INF] Executing OkObjectResult, writing value of type 'ProductsApi.Modules.Users.Application.DTOs.AuthResponse'.
2026-09-05 14:42:42.211 +00:00 [INF] Executed action ProductsApi.Modules.Users.UsersController.Login (ProductsApi) in 100.5062ms
2026-09-05 14:42:42.211 +00:00 [INF] Executed endpoint 'ProductsApi.Modules.Users.UsersController.Login (ProductsApi)'
2026-09-05 14:42:42.212 +00:00 [INF] HTTP POST /users/login responded 200 in 102.0169 ms
2026-09-05 14:42:42.212 +00:00 [INF] Request finished HTTP/1.1 POST http://localhost:8080/users/login - 200 null application/json; charset=utf-8 103.1805ms
2026-09-05 14:42:42.276 +00:00 [INF] Request starting HTTP/1.1 POST http://localhost:8080/users/login - application/json 55
2026-09-05 14:42:42.276 +00:00 [INF] Executing endpoint 'ProductsApi.Modules.Users.UsersController.Login (ProductsApi)'
2026-09-05 14:42:42.277 +00:00 [INF] Route matched with {action = "Login", controller = "Users"}. Executing controller action with signature System.Threading.Tasks.Task`1[Microsoft.AspNetCore.Mvc.IActionResult] Login(ProductsApi.Modules.Users.Application.DTOs.LoginDto) on controller ProductsApi.Modules.Users.UsersController (ProductsApi).
2026-09-05 14:42:42.279 +00:00 [INF] Executed DbCommand (1ms) [Parameters=[@__email_0='?'], CommandType='"Text"', CommandTimeout='30']
SELECT u."Id", u."CreatedAt", u."Email", u."Name", u."PasswordHash", u."Role"
FROM "Users" AS u
WHERE u."Email" = @__email_0
LIMIT 1
2026-09-05 14:42:42.378 +00:00 [INF] Executing OkObjectResult, writing value of type 'ProductsApi.Modules.Users.Application.DTOs.AuthResponse'.
2026-09-05 14:42:42.379 +00:00 [INF] Executed action ProductsApi.Modules.Users.UsersController.Login (ProductsApi) in 101.604ms
2026-09-05 14:42:42.379 +00:00 [INF] Executed endpoint 'ProductsApi.Modules.Users.UsersController.Login (ProductsApi)'
2026-09-05 14:42:42.379 +00:00 [INF] HTTP POST /users/login responded 200 in 102.7943 ms
2026-09-05 14:42:42.380 +00:00 [INF] Request finished HTTP/1.1 POST http://localhost:8080/users/login - 200 null application/json; charset=utf-8 103.7197ms
2026-09-05 14:42:42.446 +00:00 [INF] Request starting HTTP/1.1 POST http://localhost:8080/users/login - application/json 55
2026-09-05 14:42:42.447 +00:00 [INF] Executing endpoint 'ProductsApi.Modules.Users.UsersController.Login (ProductsApi)'
2026-09-05 14:42:42.447 +00:00 [INF] Route matched with {action = "Login", controller = "Users"}. Executing controller action with signature System.Threading.Tasks.Task`1[Microsoft.AspNetCore.Mvc.IActionResult] Login(ProductsApi.Modules.Users.Application.DTOs.LoginDto) on controller ProductsApi.Modules.Users.UsersController (ProductsApi).
2026-09-05 14:42:42.449 +00:00 [INF] Executed DbCommand (1ms) [Parameters=[@__email_0='?'], CommandType='"Text"', CommandTimeout='30']
SELECT u."Id", u."CreatedAt", u."Email", u."Name", u."PasswordHash", u."Role"
FROM "Users" AS u
WHERE u."Email" = @__email_0
LIMIT 1
2026-09-05 14:42:42.548 +00:00 [INF] Executing OkObjectResult, writing value of type 'ProductsApi.Modules.Users.Application.DTOs.AuthResponse'.
2026-09-05 14:42:42.548 +00:00 [INF] Executed action ProductsApi.Modules.Users.UsersController.Login (ProductsApi) in 100.9487ms
2026-09-05 14:42:42.549 +00:00 [INF] Executed endpoint 'ProductsApi.Modules.Users.UsersController.Login (ProductsApi)'
2026-09-05 14:42:42.549 +00:00 [INF] HTTP POST /users/login responded 200 in 102.2248 ms
2026-09-05 14:42:42.549 +00:00 [INF] Request finished HTTP/1.1 POST http://localhost:8080/users/login - 200 null application/json; charset=utf-8 103.0247ms
2026-09-05 14:42:42.613 +00:00 [INF] Request starting HTTP/1.1 POST http://localhost:8080/users/login - application/json 55
2026-09-05 14:42:42.613 +00:00 [INF] Executing endpoint 'ProductsApi.Modules.Users.UsersController.Login (ProductsApi)'
2026-09-05 14:42:42.614 +00:00 [INF] Route matched with {action = "Login", controller = "Users"}. Executing controller action with signature System.Threading.Tasks.Task`1[Microsoft.AspNetCore.Mvc.IActionResult] Login(ProductsApi.Modules.Users.Application.DTOs.LoginDto) on controller ProductsApi.Modules.Users.UsersController (ProductsApi).
2026-09-05 14:42:42.616 +00:00 [INF] Executed DbCommand (1ms) [Parameters=[@__email_0='?'], CommandType='"Text"', CommandTimeout='30']
SELECT u."Id", u."CreatedAt", u."Email", u."Name", u."PasswordHash", u."Role"
FROM "Users" AS u
WHERE u."Email" = @__email_0
LIMIT 1
2026-09-05 14:42:42.714 +00:00 [INF] Executing OkObjectResult, writing value of type 'ProductsApi.Modules.Users.Application.DTOs.AuthResponse'.
2026-09-05 14:42:42.715 +00:00 [INF] Executed action ProductsApi.Modules.Users.UsersController.Login (ProductsApi) in 100.664ms
2026-09-05 14:42:42.715 +00:00 [INF] Executed endpoint 'ProductsApi.Modules.Users.UsersController.Login (ProductsApi)'
2026-09-05 14:42:42.715 +00:00 [INF] HTTP POST /users/login responded 200 in 101.8516 ms
2026-09-05 14:42:42.716 +00:00 [INF] Request finished HTTP/1.1 POST http://localhost:8080/users/login - 200 null application/json; charset=utf-8 102.8121ms
2026-09-05 14:42:42.781 +00:00 [INF] Request starting HTTP/1.1 POST http://localhost:8080/users/login - application/json 55
2026-09-05 14:42:42.781 +00:00 [INF] Executing endpoint 'ProductsApi.Modules.Users.UsersController.Login (ProductsApi)'
2026-09-05 14:42:42.782 +00:00 [INF] Route matched with {action = "Login", controller = "Users"}. Executing controller action with signature System.Threading.Tasks.Task`1[Microsoft.AspNetCore.Mvc.IActionResult] Login(ProductsApi.Modules.Users.Application.DTOs.LoginDto) on controller ProductsApi.Modules.Users.UsersController (ProductsApi).
2026-09-05 14:42:42.784 +00:00 [INF] Executed DbCommand (1ms) [Parameters=[@__email_0='?'], CommandType='"Text"', CommandTimeout='30']
SELECT u."Id", u."CreatedAt", u."Email", u."Name", u."PasswordHash", u."Role"
FROM "Users" AS u
WHERE u."Email" = @__email_0
LIMIT 1
2026-09-05 14:42:42.884 +00:00 [INF] Executing OkObjectResult, writing value of type 'ProductsApi.Modules.Users.Application.DTOs.AuthResponse'.
2026-09-05 14:42:42.885 +00:00 [INF] Executed action ProductsApi.Modules.Users.UsersController.Login (ProductsApi) in 102.8545ms
2026-09-05 14:42:42.885 +00:00 [INF] Executed endpoint 'ProductsApi.Modules.Users.UsersController.Login (ProductsApi)'
2026-09-05 14:42:42.885 +00:00 [INF] HTTP POST /users/login responded 200 in 104.0779 ms
2026-09-05 14:42:42.886 +00:00 [INF] Request finished HTTP/1.1 POST http://localhost:8080/users/login - 200 null application/json; charset=utf-8 105.0968ms
2026-09-05 14:42:43.061 +00:00 [INF] Request starting HTTP/1.1 POST http://localhost:8080/users/login - application/json 55
2026-09-05 14:42:43.062 +00:00 [INF] Executing endpoint 'ProductsApi.Modules.Users.UsersController.Login (ProductsApi)'
2026-09-05 14:42:43.062 +00:00 [INF] Route matched with {action = "Login", controller = "Users"}. Executing controller action with signature System.Threading.Tasks.Task`1[Microsoft.AspNetCore.Mvc.IActionResult] Login(ProductsApi.Modules.Users.Application.DTOs.LoginDto) on controller ProductsApi.Modules.Users.UsersController (ProductsApi).
2026-09-05 14:42:43.064 +00:00 [INF] Executed DbCommand (1ms) [Parameters=[@__email_0='?'], CommandType='"Text"', CommandTimeout='30']
SELECT u."Id", u."CreatedAt", u."Email", u."Name", u."PasswordHash", u."Role"
FROM "Users" AS u
WHERE u."Email" = @__email_0
LIMIT 1
2026-09-05 14:42:43.163 +00:00 [INF] Executing OkObjectResult, writing value of type 'ProductsApi.Modules.Users.Application.DTOs.AuthResponse'.
2026-09-05 14:42:43.163 +00:00 [INF] Executed action ProductsApi.Modules.Users.UsersController.Login (ProductsApi) in 100.9856ms
2026-09-05 14:42:43.164 +00:00 [INF] Executed endpoint 'ProductsApi.Modules.Users.UsersController.Login (ProductsApi)'
2026-09-05 14:42:43.164 +00:00 [INF] HTTP POST /users/login responded 200 in 102.3379 ms
2026-09-05 14:42:43.165 +00:00 [INF] Request finished HTTP/1.1 POST http://localhost:8080/users/login - 200 null application/json; charset=utf-8 103.4038ms
2026-09-05 14:42:43.253 +00:00 [INF] Request starting HTTP/1.1 POST http://localhost:8080/users/login - application/json 55
2026-09-05 14:42:43.254 +00:00 [INF] Executing endpoint 'ProductsApi.Modules.Users.UsersController.Login (ProductsApi)'
2026-09-05 14:42:43.254 +00:00 [INF] Route matched with {action = "Login", controller = "Users"}. Executing controller action with signature System.Threading.Tasks.Task`1[Microsoft.AspNetCore.Mvc.IActionResult] Login(ProductsApi.Modules.Users.Application.DTOs.LoginDto) on controller ProductsApi.Modules.Users.UsersController (ProductsApi).
2026-09-05 14:42:43.256 +00:00 [INF] Executed DbCommand (1ms) [Parameters=[@__email_0='?'], CommandType='"Text"', CommandTimeout='30']
SELECT u."Id", u."CreatedAt", u."Email", u."Name", u."PasswordHash", u."Role"
FROM "Users" AS u
WHERE u."Email" = @__email_0
LIMIT 1
2026-09-05 14:42:43.356 +00:00 [INF] Executing OkObjectResult, writing value of type 'ProductsApi.Modules.Users.Application.DTOs.AuthResponse'.
2026-09-05 14:42:43.356 +00:00 [INF] Executed action ProductsApi.Modules.Users.UsersController.Login (ProductsApi) in 102.0609ms
2026-09-05 14:42:43.357 +00:00 [INF] Executed endpoint 'ProductsApi.Modules.Users.UsersController.Login (ProductsApi)'
2026-09-05 14:42:43.357 +00:00 [INF] HTTP POST /users/login responded 200 in 103.1305 ms
2026-09-05 14:42:43.358 +00:00 [INF] Request finished HTTP/1.1 POST http://localhost:8080/users/login - 200 null application/json; charset=utf-8 104.5318ms
2026-09-05 14:42:43.424 +00:00 [INF] Request starting HTTP/1.1 POST http://localhost:8080/users/login - application/json 55
2026-09-05 14:42:43.424 +00:00 [INF] Executing endpoint 'ProductsApi.Modules.Users.UsersController.Login (ProductsApi)'
2026-09-05 14:42:43.424 +00:00 [INF] Route matched with {action = "Login", controller = "Users"}. Executing controller action with signature System.Threading.Tasks.Task`1[Microsoft.AspNetCore.Mvc.IActionResult] Login(ProductsApi.Modules.Users.Application.DTOs.LoginDto) on controller ProductsApi.Modules.Users.UsersController (ProductsApi).
2026-09-05 14:42:43.427 +00:00 [INF] Executed DbCommand (1ms) [Parameters=[@__email_0='?'], CommandType='"Text"', CommandTimeout='30']
SELECT u."Id", u."CreatedAt", u."Email", u."Name", u."PasswordHash", u."Role"
FROM "Users" AS u
WHERE u."Email" = @__email_0
LIMIT 1
2026-09-05 14:42:43.528 +00:00 [INF] Executing OkObjectResult, writing value of type 'ProductsApi.Modules.Users.Application.DTOs.AuthResponse'.
2026-09-05 14:42:43.529 +00:00 [INF] Executed action ProductsApi.Modules.Users.UsersController.Login (ProductsApi) in 103.7875ms
2026-09-05 14:42:43.529 +00:00 [INF] Executed endpoint 'ProductsApi.Modules.Users.UsersController.Login (ProductsApi)'
2026-09-05 14:42:43.529 +00:00 [INF] HTTP POST /users/login responded 200 in 105.3248 ms
2026-09-05 14:42:43.530 +00:00 [INF] Request finished HTTP/1.1 POST http://localhost:8080/users/login - 200 null application/json; charset=utf-8 106.3265ms
2026-09-05 14:42:44.277 +00:00 [INF] Request starting HTTP/1.1 POST http://localhost:8080/users/login - application/json 55
2026-09-05 14:42:44.278 +00:00 [INF] Executing endpoint 'ProductsApi.Modules.Users.UsersController.Login (ProductsApi)'
2026-09-05 14:42:44.278 +00:00 [INF] Route matched with {action = "Login", controller = "Users"}. Executing controller action with signature System.Threading.Tasks.Task`1[Microsoft.AspNetCore.Mvc.IActionResult] Login(ProductsApi.Modules.Users.Application.DTOs.LoginDto) on controller ProductsApi.Modules.Users.UsersController (ProductsApi).
2026-09-05 14:42:44.281 +00:00 [INF] Executed DbCommand (1ms) [Parameters=[@__email_0='?'], CommandType='"Text"', CommandTimeout='30']
SELECT u."Id", u."CreatedAt", u."Email", u."Name", u."PasswordHash", u."Role"
FROM "Users" AS u
WHERE u."Email" = @__email_0
LIMIT 1
2026-09-05 14:42:44.380 +00:00 [INF] Executing OkObjectResult, writing value of type 'ProductsApi.Modules.Users.Application.DTOs.AuthResponse'.
2026-09-05 14:42:44.380 +00:00 [INF] Executed action ProductsApi.Modules.Users.UsersController.Login (ProductsApi) in 101.8573ms
2026-09-05 14:42:44.381 +00:00 [INF] Executed endpoint 'ProductsApi.Modules.Users.UsersController.Login (ProductsApi)'
2026-09-05 14:42:44.381 +00:00 [INF] HTTP POST /users/login responded 200 in 102.9950 ms
2026-09-05 14:42:44.382 +00:00 [INF] Request finished HTTP/1.1 POST http://localhost:8080/users/login - 200 null application/json; charset=utf-8 104.5637ms
2026-09-05 14:42:44.478 +00:00 [INF] Request starting HTTP/1.1 POST http://localhost:8080/users/login - application/json 55
2026-09-05 14:42:44.478 +00:00 [INF] Executing endpoint 'ProductsApi.Modules.Users.UsersController.Login (ProductsApi)'
2026-09-05 14:42:44.480 +00:00 [INF] Route matched with {action = "Login", controller = "Users"}. Executing controller action with signature System.Threading.Tasks.Task`1[Microsoft.AspNetCore.Mvc.IActionResult] Login(ProductsApi.Modules.Users.Application.DTOs.LoginDto) on controller ProductsApi.Modules.Users.UsersController (ProductsApi).
2026-09-05 14:42:44.482 +00:00 [INF] Executed DbCommand (1ms) [Parameters=[@__email_0='?'], CommandType='"Text"', CommandTimeout='30']
SELECT u."Id", u."CreatedAt", u."Email", u."Name", u."PasswordHash", u."Role"
FROM "Users" AS u
WHERE u."Email" = @__email_0
LIMIT 1
2026-09-05 14:42:44.581 +00:00 [INF] Executing OkObjectResult, writing value of type 'ProductsApi.Modules.Users.Application.DTOs.AuthResponse'.
2026-09-05 14:42:44.581 +00:00 [INF] Executed action ProductsApi.Modules.Users.UsersController.Login (ProductsApi) in 100.5135ms
2026-09-05 14:42:44.581 +00:00 [INF] Executed endpoint 'ProductsApi.Modules.Users.UsersController.Login (ProductsApi)'
2026-09-05 14:42:44.582 +00:00 [INF] HTTP POST /users/login responded 200 in 103.6701 ms
2026-09-05 14:42:44.582 +00:00 [INF] Request finished HTTP/1.1 POST http://localhost:8080/users/login - 200 null application/json; charset=utf-8 104.7271ms
2026-09-05 14:42:44.689 +00:00 [INF] Request starting HTTP/1.1 POST http://localhost:8080/users/login - application/json 55
2026-09-05 14:42:44.689 +00:00 [INF] Executing endpoint 'ProductsApi.Modules.Users.UsersController.Login (ProductsApi)'
2026-09-05 14:42:44.690 +00:00 [INF] Route matched with {action = "Login", controller = "Users"}. Executing controller action with signature System.Threading.Tasks.Task`1[Microsoft.AspNetCore.Mvc.IActionResult] Login(ProductsApi.Modules.Users.Application.DTOs.LoginDto) on controller ProductsApi.Modules.Users.UsersController (ProductsApi).
2026-09-05 14:42:44.692 +00:00 [INF] Executed DbCommand (1ms) [Parameters=[@__email_0='?'], CommandType='"Text"', CommandTimeout='30']
SELECT u."Id", u."CreatedAt", u."Email", u."Name", u."PasswordHash", u."Role"
FROM "Users" AS u
WHERE u."Email" = @__email_0
LIMIT 1
2026-09-05 14:42:44.791 +00:00 [INF] Executing OkObjectResult, writing value of type 'ProductsApi.Modules.Users.Application.DTOs.AuthResponse'.
2026-09-05 14:42:44.792 +00:00 [INF] Executed action ProductsApi.Modules.Users.UsersController.Login (ProductsApi) in 101.534ms
2026-09-05 14:42:44.792 +00:00 [INF] Executed endpoint 'ProductsApi.Modules.Users.UsersController.Login (ProductsApi)'
2026-09-05 14:42:44.792 +00:00 [INF] HTTP POST /users/login responded 200 in 102.8386 ms
2026-09-05 14:42:44.792 +00:00 [INF] Request finished HTTP/1.1 POST http://localhost:8080/users/login - 200 null application/json; charset=utf-8 103.6748ms
2026-09-05 14:42:45.280 +00:00 [INF] Request starting HTTP/1.1 POST http://localhost:8080/users/login - application/json 55
2026-09-05 14:42:45.281 +00:00 [INF] Executing endpoint 'ProductsApi.Modules.Users.UsersController.Login (ProductsApi)'
2026-09-05 14:42:45.281 +00:00 [INF] Route matched with {action = "Login", controller = "Users"}. Executing controller action with signature System.Threading.Tasks.Task`1[Microsoft.AspNetCore.Mvc.IActionResult] Login(ProductsApi.Modules.Users.Application.DTOs.LoginDto) on controller ProductsApi.Modules.Users.UsersController (ProductsApi).
2026-09-05 14:42:45.283 +00:00 [INF] Executed DbCommand (1ms) [Parameters=[@__email_0='?'], CommandType='"Text"', CommandTimeout='30']
SELECT u."Id", u."CreatedAt", u."Email", u."Name", u."PasswordHash", u."Role"
FROM "Users" AS u
WHERE u."Email" = @__email_0
LIMIT 1
2026-09-05 14:42:45.382 +00:00 [INF] Executing OkObjectResult, writing value of type 'ProductsApi.Modules.Users.Application.DTOs.AuthResponse'.
2026-09-05 14:42:45.382 +00:00 [INF] Executed action ProductsApi.Modules.Users.UsersController.Login (ProductsApi) in 100.8487ms
2026-09-05 14:42:45.383 +00:00 [INF] Executed endpoint 'ProductsApi.Modules.Users.UsersController.Login (ProductsApi)'
2026-09-05 14:42:45.383 +00:00 [INF] HTTP POST /users/login responded 200 in 101.9388 ms
2026-09-05 14:42:45.383 +00:00 [INF] Request finished HTTP/1.1 POST http://localhost:8080/users/login - 200 null application/json; charset=utf-8 102.9823ms
2026-09-05 14:42:45.656 +00:00 [INF] Request starting HTTP/1.1 POST http://localhost:8080/users/login - application/json 55
2026-09-05 14:42:45.656 +00:00 [INF] Executing endpoint 'ProductsApi.Modules.Users.UsersController.Login (ProductsApi)'
2026-09-05 14:42:45.656 +00:00 [INF] Route matched with {action = "Login", controller = "Users"}. Executing controller action with signature System.Threading.Tasks.Task`1[Microsoft.AspNetCore.Mvc.IActionResult] Login(ProductsApi.Modules.Users.Application.DTOs.LoginDto) on controller ProductsApi.Modules.Users.UsersController (ProductsApi).
2026-09-05 14:42:45.658 +00:00 [INF] Executed DbCommand (1ms) [Parameters=[@__email_0='?'], CommandType='"Text"', CommandTimeout='30']
SELECT u."Id", u."CreatedAt", u."Email", u."Name", u."PasswordHash", u."Role"
FROM "Users" AS u
WHERE u."Email" = @__email_0
LIMIT 1
2026-09-05 14:42:45.757 +00:00 [INF] Executing OkObjectResult, writing value of type 'ProductsApi.Modules.Users.Application.DTOs.AuthResponse'.
2026-09-05 14:42:45.758 +00:00 [INF] Executed action ProductsApi.Modules.Users.UsersController.Login (ProductsApi) in 100.8157ms
2026-09-05 14:42:45.758 +00:00 [INF] Executed endpoint 'ProductsApi.Modules.Users.UsersController.Login (ProductsApi)'
2026-09-05 14:42:45.758 +00:00 [INF] HTTP POST /users/login responded 200 in 101.8420 ms
2026-09-05 14:42:45.758 +00:00 [INF] Request finished HTTP/1.1 POST http://localhost:8080/users/login - 200 null application/json; charset=utf-8 102.874ms
2026-09-05 14:42:46.061 +00:00 [INF] Request starting HTTP/1.1 POST http://localhost:8080/users/login - application/json 55
2026-09-05 14:42:46.061 +00:00 [INF] Executing endpoint 'ProductsApi.Modules.Users.UsersController.Login (ProductsApi)'
2026-09-05 14:42:46.062 +00:00 [INF] Route matched with {action = "Login", controller = "Users"}. Executing controller action with signature System.Threading.Tasks.Task`1[Microsoft.AspNetCore.Mvc.IActionResult] Login(ProductsApi.Modules.Users.Application.DTOs.LoginDto) on controller ProductsApi.Modules.Users.UsersController (ProductsApi).
2026-09-05 14:42:46.064 +00:00 [INF] Executed DbCommand (1ms) [Parameters=[@__email_0='?'], CommandType='"Text"', CommandTimeout='30']
SELECT u."Id", u."CreatedAt", u."Email", u."Name", u."PasswordHash", u."Role"
FROM "Users" AS u
WHERE u."Email" = @__email_0
LIMIT 1
2026-09-05 14:42:46.164 +00:00 [INF] Executing OkObjectResult, writing value of type 'ProductsApi.Modules.Users.Application.DTOs.AuthResponse'.
2026-09-05 14:42:46.164 +00:00 [INF] Executed action ProductsApi.Modules.Users.UsersController.Login (ProductsApi) in 101.9283ms
2026-09-05 14:42:46.164 +00:00 [INF] Executed endpoint 'ProductsApi.Modules.Users.UsersController.Login (ProductsApi)'
2026-09-05 14:42:46.164 +00:00 [INF] HTTP POST /users/login responded 200 in 103.0045 ms
2026-09-05 14:42:46.165 +00:00 [INF] Request finished HTTP/1.1 POST http://localhost:8080/users/login - 200 null application/json; charset=utf-8 103.8612ms
2026-09-05 14:42:46.469 +00:00 [INF] Request starting HTTP/1.1 POST http://localhost:8080/users/login - application/json 55
2026-09-05 14:42:46.469 +00:00 [INF] Executing endpoint 'ProductsApi.Modules.Users.UsersController.Login (ProductsApi)'
2026-09-05 14:42:46.469 +00:00 [INF] Route matched with {action = "Login", controller = "Users"}. Executing controller action with signature System.Threading.Tasks.Task`1[Microsoft.AspNetCore.Mvc.IActionResult] Login(ProductsApi.Modules.Users.Application.DTOs.LoginDto) on controller ProductsApi.Modules.Users.UsersController (ProductsApi).
2026-09-05 14:42:46.471 +00:00 [INF] Executed DbCommand (1ms) [Parameters=[@__email_0='?'], CommandType='"Text"', CommandTimeout='30']
SELECT u."Id", u."CreatedAt", u."Email", u."Name", u."PasswordHash", u."Role"
FROM "Users" AS u
WHERE u."Email" = @__email_0
LIMIT 1
2026-09-05 14:42:46.570 +00:00 [INF] Executing OkObjectResult, writing value of type 'ProductsApi.Modules.Users.Application.DTOs.AuthResponse'.
2026-09-05 14:42:46.570 +00:00 [INF] Executed action ProductsApi.Modules.Users.UsersController.Login (ProductsApi) in 100.3912ms
2026-09-05 14:42:46.570 +00:00 [INF] Executed endpoint 'ProductsApi.Modules.Users.UsersController.Login (ProductsApi)'
2026-09-05 14:42:46.570 +00:00 [INF] HTTP POST /users/login responded 200 in 101.4333 ms
2026-09-05 14:42:46.571 +00:00 [INF] Request finished HTTP/1.1 POST http://localhost:8080/users/login - 200 null application/json; charset=utf-8 102.4186ms
2026-09-05 14:42:46.909 +00:00 [INF] Request starting HTTP/1.1 POST http://localhost:8080/users/login - application/json 55
2026-09-05 14:42:46.910 +00:00 [INF] Executing endpoint 'ProductsApi.Modules.Users.UsersController.Login (ProductsApi)'
2026-09-05 14:42:46.910 +00:00 [INF] Route matched with {action = "Login", controller = "Users"}. Executing controller action with signature System.Threading.Tasks.Task`1[Microsoft.AspNetCore.Mvc.IActionResult] Login(ProductsApi.Modules.Users.Application.DTOs.LoginDto) on controller ProductsApi.Modules.Users.UsersController (ProductsApi).
2026-09-05 14:42:46.912 +00:00 [INF] Executed DbCommand (1ms) [Parameters=[@__email_0='?'], CommandType='"Text"', CommandTimeout='30']
SELECT u."Id", u."CreatedAt", u."Email", u."Name", u."PasswordHash", u."Role"
FROM "Users" AS u
WHERE u."Email" = @__email_0
LIMIT 1
2026-09-05 14:42:47.013 +00:00 [INF] Executing OkObjectResult, writing value of type 'ProductsApi.Modules.Users.Application.DTOs.AuthResponse'.
2026-09-05 14:42:47.013 +00:00 [INF] Executed action ProductsApi.Modules.Users.UsersController.Login (ProductsApi) in 102.5298ms
2026-09-05 14:42:47.013 +00:00 [INF] Executed endpoint 'ProductsApi.Modules.Users.UsersController.Login (ProductsApi)'
2026-09-05 14:42:47.014 +00:00 [INF] HTTP POST /users/login responded 200 in 103.6735 ms
2026-09-05 14:42:47.014 +00:00 [INF] Request finished HTTP/1.1 POST http://localhost:8080/users/login - 200 null application/json; charset=utf-8 104.7069ms
2026-09-05 14:42:47.299 +00:00 [INF] Request starting HTTP/1.1 POST http://localhost:8080/users/login - application/json 55
2026-09-05 14:42:47.299 +00:00 [INF] Executing endpoint 'ProductsApi.Modules.Users.UsersController.Login (ProductsApi)'
2026-09-05 14:42:47.300 +00:00 [INF] Route matched with {action = "Login", controller = "Users"}. Executing controller action with signature System.Threading.Tasks.Task`1[Microsoft.AspNetCore.Mvc.IActionResult] Login(ProductsApi.Modules.Users.Application.DTOs.LoginDto) on controller ProductsApi.Modules.Users.UsersController (ProductsApi).
2026-09-05 14:42:47.302 +00:00 [INF] Executed DbCommand (1ms) [Parameters=[@__email_0='?'], CommandType='"Text"', CommandTimeout='30']
SELECT u."Id", u."CreatedAt", u."Email", u."Name", u."PasswordHash", u."Role"
FROM "Users" AS u
WHERE u."Email" = @__email_0
LIMIT 1
2026-09-05 14:42:47.401 +00:00 [INF] Executing OkObjectResult, writing value of type 'ProductsApi.Modules.Users.Application.DTOs.AuthResponse'.
2026-09-05 14:42:47.401 +00:00 [INF] Executed action ProductsApi.Modules.Users.UsersController.Login (ProductsApi) in 101.052ms
2026-09-05 14:42:47.401 +00:00 [INF] Executed endpoint 'ProductsApi.Modules.Users.UsersController.Login (ProductsApi)'
2026-09-05 14:42:47.402 +00:00 [INF] HTTP POST /users/login responded 200 in 102.3250 ms
2026-09-05 14:42:47.402 +00:00 [INF] Request finished HTTP/1.1 POST http://localhost:8080/users/login - 200 null application/json; charset=utf-8 103.1769ms
2026-09-05 14:42:47.679 +00:00 [INF] Request starting HTTP/1.1 POST http://localhost:8080/users/login - application/json 55
2026-09-05 14:42:47.679 +00:00 [INF] Executing endpoint 'ProductsApi.Modules.Users.UsersController.Login (ProductsApi)'
2026-09-05 14:42:47.680 +00:00 [INF] Route matched with {action = "Login", controller = "Users"}. Executing controller action with signature System.Threading.Tasks.Task`1[Microsoft.AspNetCore.Mvc.IActionResult] Login(ProductsApi.Modules.Users.Application.DTOs.LoginDto) on controller ProductsApi.Modules.Users.UsersController (ProductsApi).
2026-09-05 14:42:47.681 +00:00 [INF] Executed DbCommand (1ms) [Parameters=[@__email_0='?'], CommandType='"Text"', CommandTimeout='30']
SELECT u."Id", u."CreatedAt", u."Email", u."Name", u."PasswordHash", u."Role"
FROM "Users" AS u
WHERE u."Email" = @__email_0
LIMIT 1
2026-09-05 14:42:47.779 +00:00 [INF] Executing OkObjectResult, writing value of type 'ProductsApi.Modules.Users.Application.DTOs.AuthResponse'.
2026-09-05 14:42:47.779 +00:00 [INF] Executed action ProductsApi.Modules.Users.UsersController.Login (ProductsApi) in 99.5088ms
2026-09-05 14:42:47.780 +00:00 [INF] Executed endpoint 'ProductsApi.Modules.Users.UsersController.Login (ProductsApi)'
2026-09-05 14:42:47.780 +00:00 [INF] HTTP POST /users/login responded 200 in 100.5970 ms
2026-09-05 14:42:47.780 +00:00 [INF] Request finished HTTP/1.1 POST http://localhost:8080/users/login - 200 null application/json; charset=utf-8 101.5044ms
2026-09-05 14:42:47.965 +00:00 [INF] Request starting HTTP/1.1 POST http://localhost:8080/users/login - application/json 55
2026-09-05 14:42:47.965 +00:00 [INF] Executing endpoint 'ProductsApi.Modules.Users.UsersController.Login (ProductsApi)'
2026-09-05 14:42:47.965 +00:00 [INF] Route matched with {action = "Login", controller = "Users"}. Executing controller action with signature System.Threading.Tasks.Task`1[Microsoft.AspNetCore.Mvc.IActionResult] Login(ProductsApi.Modules.Users.Application.DTOs.LoginDto) on controller ProductsApi.Modules.Users.UsersController (ProductsApi).
2026-09-05 14:42:47.967 +00:00 [INF] Executed DbCommand (1ms) [Parameters=[@__email_0='?'], CommandType='"Text"', CommandTimeout='30']
SELECT u."Id", u."CreatedAt", u."Email", u."Name", u."PasswordHash", u."Role"
FROM "Users" AS u
WHERE u."Email" = @__email_0
LIMIT 1
2026-09-05 14:42:48.065 +00:00 [INF] Executing OkObjectResult, writing value of type 'ProductsApi.Modules.Users.Application.DTOs.AuthResponse'.
2026-09-05 14:42:48.065 +00:00 [INF] Executed action ProductsApi.Modules.Users.UsersController.Login (ProductsApi) in 99.7995ms
2026-09-05 14:42:48.066 +00:00 [INF] Executed endpoint 'ProductsApi.Modules.Users.UsersController.Login (ProductsApi)'
2026-09-05 14:42:48.066 +00:00 [INF] HTTP POST /users/login responded 200 in 100.8431 ms
2026-09-05 14:42:48.067 +00:00 [INF] Request finished HTTP/1.1 POST http://localhost:8080/users/login - 200 null application/json; charset=utf-8 101.8408ms
2026-09-05 14:42:48.210 +00:00 [INF] Request starting HTTP/1.1 POST http://localhost:8080/users/login - application/json 55
2026-09-05 14:42:48.210 +00:00 [INF] Executing endpoint 'ProductsApi.Modules.Users.UsersController.Login (ProductsApi)'
2026-09-05 14:42:48.211 +00:00 [INF] Route matched with {action = "Login", controller = "Users"}. Executing controller action with signature System.Threading.Tasks.Task`1[Microsoft.AspNetCore.Mvc.IActionResult] Login(ProductsApi.Modules.Users.Application.DTOs.LoginDto) on controller ProductsApi.Modules.Users.UsersController (ProductsApi).
2026-09-05 14:42:48.212 +00:00 [INF] Executed DbCommand (1ms) [Parameters=[@__email_0='?'], CommandType='"Text"', CommandTimeout='30']
SELECT u."Id", u."CreatedAt", u."Email", u."Name", u."PasswordHash", u."Role"
FROM "Users" AS u
WHERE u."Email" = @__email_0
LIMIT 1
2026-09-05 14:42:48.311 +00:00 [INF] Executing OkObjectResult, writing value of type 'ProductsApi.Modules.Users.Application.DTOs.AuthResponse'.
2026-09-05 14:42:48.311 +00:00 [INF] Executed action ProductsApi.Modules.Users.UsersController.Login (ProductsApi) in 99.9849ms
2026-09-05 14:42:48.311 +00:00 [INF] Executed endpoint 'ProductsApi.Modules.Users.UsersController.Login (ProductsApi)'
2026-09-05 14:42:48.311 +00:00 [INF] HTTP POST /users/login responded 200 in 101.0665 ms
2026-09-05 14:42:48.312 +00:00 [INF] Request finished HTTP/1.1 POST http://localhost:8080/users/login - 200 null application/json; charset=utf-8 102.0687ms
2026-09-05 14:42:48.422 +00:00 [INF] Request starting HTTP/1.1 POST http://localhost:8080/users/login - application/json 55
2026-09-05 14:42:48.422 +00:00 [INF] Executing endpoint 'ProductsApi.Modules.Users.UsersController.Login (ProductsApi)'
2026-09-05 14:42:48.423 +00:00 [INF] Route matched with {action = "Login", controller = "Users"}. Executing controller action with signature System.Threading.Tasks.Task`1[Microsoft.AspNetCore.Mvc.IActionResult] Login(ProductsApi.Modules.Users.Application.DTOs.LoginDto) on controller ProductsApi.Modules.Users.UsersController (ProductsApi).
2026-09-05 14:42:48.424 +00:00 [INF] Executed DbCommand (1ms) [Parameters=[@__email_0='?'], CommandType='"Text"', CommandTimeout='30']
SELECT u."Id", u."CreatedAt", u."Email", u."Name", u."PasswordHash", u."Role"
FROM "Users" AS u
WHERE u."Email" = @__email_0
LIMIT 1
2026-09-05 14:42:48.524 +00:00 [INF] Executing OkObjectResult, writing value of type 'ProductsApi.Modules.Users.Application.DTOs.AuthResponse'.
2026-09-05 14:42:48.524 +00:00 [INF] Executed action ProductsApi.Modules.Users.UsersController.Login (ProductsApi) in 101.4375ms
2026-09-05 14:42:48.525 +00:00 [INF] Executed endpoint 'ProductsApi.Modules.Users.UsersController.Login (ProductsApi)'
2026-09-05 14:42:48.525 +00:00 [INF] HTTP POST /users/login responded 200 in 102.5108 ms
2026-09-05 14:42:48.525 +00:00 [INF] Request finished HTTP/1.1 POST http://localhost:8080/users/login - 200 null application/json; charset=utf-8 103.281ms
2026-09-05 14:42:48.617 +00:00 [INF] Request starting HTTP/1.1 POST http://localhost:8080/users/login - application/json 55
2026-09-05 14:42:48.618 +00:00 [INF] Executing endpoint 'ProductsApi.Modules.Users.UsersController.Login (ProductsApi)'
2026-09-05 14:42:48.618 +00:00 [INF] Route matched with {action = "Login", controller = "Users"}. Executing controller action with signature System.Threading.Tasks.Task`1[Microsoft.AspNetCore.Mvc.IActionResult] Login(ProductsApi.Modules.Users.Application.DTOs.LoginDto) on controller ProductsApi.Modules.Users.UsersController (ProductsApi).
2026-09-05 14:42:48.620 +00:00 [INF] Executed DbCommand (1ms) [Parameters=[@__email_0='?'], CommandType='"Text"', CommandTimeout='30']
SELECT u."Id", u."CreatedAt", u."Email", u."Name", u."PasswordHash", u."Role"
FROM "Users" AS u
WHERE u."Email" = @__email_0
LIMIT 1
2026-09-05 14:42:48.720 +00:00 [INF] Executing OkObjectResult, writing value of type 'ProductsApi.Modules.Users.Application.DTOs.AuthResponse'.
2026-09-05 14:42:48.721 +00:00 [INF] Executed action ProductsApi.Modules.Users.UsersController.Login (ProductsApi) in 102.1452ms
2026-09-05 14:42:48.721 +00:00 [INF] Executed endpoint 'ProductsApi.Modules.Users.UsersController.Login (ProductsApi)'
2026-09-05 14:42:48.721 +00:00 [INF] HTTP POST /users/login responded 200 in 103.0551 ms
2026-09-05 14:42:48.722 +00:00 [INF] Request finished HTTP/1.1 POST http://localhost:8080/users/login - 200 null application/json; charset=utf-8 104.3726ms
2026-09-05 14:42:48.901 +00:00 [INF] Request starting HTTP/1.1 POST http://localhost:8080/users/login - application/json 55
2026-09-05 14:42:48.901 +00:00 [INF] Executing endpoint 'ProductsApi.Modules.Users.UsersController.Login (ProductsApi)'
2026-09-05 14:42:48.901 +00:00 [INF] Route matched with {action = "Login", controller = "Users"}. Executing controller action with signature System.Threading.Tasks.Task`1[Microsoft.AspNetCore.Mvc.IActionResult] Login(ProductsApi.Modules.Users.Application.DTOs.LoginDto) on controller ProductsApi.Modules.Users.UsersController (ProductsApi).
2026-09-05 14:42:48.903 +00:00 [INF] Executed DbCommand (1ms) [Parameters=[@__email_0='?'], CommandType='"Text"', CommandTimeout='30']
SELECT u."Id", u."CreatedAt", u."Email", u."Name", u."PasswordHash", u."Role"
FROM "Users" AS u
WHERE u."Email" = @__email_0
LIMIT 1
2026-09-05 14:42:49.001 +00:00 [INF] Executing OkObjectResult, writing value of type 'ProductsApi.Modules.Users.Application.DTOs.AuthResponse'.
2026-09-05 14:42:49.002 +00:00 [INF] Executed action ProductsApi.Modules.Users.UsersController.Login (ProductsApi) in 100.0899ms
2026-09-05 14:42:49.002 +00:00 [INF] Executed endpoint 'ProductsApi.Modules.Users.UsersController.Login (ProductsApi)'
2026-09-05 14:42:49.002 +00:00 [INF] HTTP POST /users/login responded 200 in 101.0501 ms
2026-09-05 14:42:49.003 +00:00 [INF] Request finished HTTP/1.1 POST http://localhost:8080/users/login - 200 null application/json; charset=utf-8 101.8905ms
2026-09-05 14:42:49.095 +00:00 [INF] Request starting HTTP/1.1 POST http://localhost:8080/users/login - application/json 55
2026-09-05 14:42:49.096 +00:00 [INF] Executing endpoint 'ProductsApi.Modules.Users.UsersController.Login (ProductsApi)'
2026-09-05 14:42:49.096 +00:00 [INF] Route matched with {action = "Login", controller = "Users"}. Executing controller action with signature System.Threading.Tasks.Task`1[Microsoft.AspNetCore.Mvc.IActionResult] Login(ProductsApi.Modules.Users.Application.DTOs.LoginDto) on controller ProductsApi.Modules.Users.UsersController (ProductsApi).
2026-09-05 14:42:49.098 +00:00 [INF] Executed DbCommand (1ms) [Parameters=[@__email_0='?'], CommandType='"Text"', CommandTimeout='30']
SELECT u."Id", u."CreatedAt", u."Email", u."Name", u."PasswordHash", u."Role"
FROM "Users" AS u
WHERE u."Email" = @__email_0
LIMIT 1
2026-09-05 14:42:49.197 +00:00 [INF] Executing OkObjectResult, writing value of type 'ProductsApi.Modules.Users.Application.DTOs.AuthResponse'.
2026-09-05 14:42:49.198 +00:00 [INF] Executed action ProductsApi.Modules.Users.UsersController.Login (ProductsApi) in 101.2985ms
2026-09-05 14:42:49.198 +00:00 [INF] Executed endpoint 'ProductsApi.Modules.Users.UsersController.Login (ProductsApi)'
2026-09-05 14:42:49.198 +00:00 [INF] HTTP POST /users/login responded 200 in 102.5828 ms
2026-09-05 14:42:49.199 +00:00 [INF] Request finished HTTP/1.1 POST http://localhost:8080/users/login - 200 null application/json; charset=utf-8 103.5298ms
2026-09-05 14:42:49.365 +00:00 [INF] Request starting HTTP/1.1 POST http://localhost:8080/users/login - application/json 55
2026-09-05 14:42:49.365 +00:00 [INF] Executing endpoint 'ProductsApi.Modules.Users.UsersController.Login (ProductsApi)'
2026-09-05 14:42:49.366 +00:00 [INF] Route matched with {action = "Login", controller = "Users"}. Executing controller action with signature System.Threading.Tasks.Task`1[Microsoft.AspNetCore.Mvc.IActionResult] Login(ProductsApi.Modules.Users.Application.DTOs.LoginDto) on controller ProductsApi.Modules.Users.UsersController (ProductsApi).
2026-09-05 14:42:49.367 +00:00 [INF] Executed DbCommand (1ms) [Parameters=[@__email_0='?'], CommandType='"Text"', CommandTimeout='30']
SELECT u."Id", u."CreatedAt", u."Email", u."Name", u."PasswordHash", u."Role"
FROM "Users" AS u
WHERE u."Email" = @__email_0
LIMIT 1
2026-09-05 14:42:49.467 +00:00 [INF] Executing OkObjectResult, writing value of type 'ProductsApi.Modules.Users.Application.DTOs.AuthResponse'.
2026-09-05 14:42:49.467 +00:00 [INF] Executed action ProductsApi.Modules.Users.UsersController.Login (ProductsApi) in 101.0696ms
2026-09-05 14:42:49.467 +00:00 [INF] Executed endpoint 'ProductsApi.Modules.Users.UsersController.Login (ProductsApi)'
2026-09-05 14:42:49.467 +00:00 [INF] HTTP POST /users/login responded 200 in 102.1051 ms
2026-09-05 14:42:49.468 +00:00 [INF] Request finished HTTP/1.1 POST http://localhost:8080/users/login - 200 null application/json; charset=utf-8 102.9703ms
2026-09-05 14:42:49.540 +00:00 [INF] Request starting HTTP/1.1 POST http://localhost:8080/users/login - application/json 55
2026-09-05 14:42:49.540 +00:00 [INF] Executing endpoint 'ProductsApi.Modules.Users.UsersController.Login (ProductsApi)'
2026-09-05 14:42:49.541 +00:00 [INF] Route matched with {action = "Login", controller = "Users"}. Executing controller action with signature System.Threading.Tasks.Task`1[Microsoft.AspNetCore.Mvc.IActionResult] Login(ProductsApi.Modules.Users.Application.DTOs.LoginDto) on controller ProductsApi.Modules.Users.UsersController (ProductsApi).
2026-09-05 14:42:49.542 +00:00 [INF] Executed DbCommand (1ms) [Parameters=[@__email_0='?'], CommandType='"Text"', CommandTimeout='30']
SELECT u."Id", u."CreatedAt", u."Email", u."Name", u."PasswordHash", u."Role"
FROM "Users" AS u
WHERE u."Email" = @__email_0
LIMIT 1
2026-09-05 14:42:49.642 +00:00 [INF] Executing OkObjectResult, writing value of type 'ProductsApi.Modules.Users.Application.DTOs.AuthResponse'.
2026-09-05 14:42:49.642 +00:00 [INF] Executed action ProductsApi.Modules.Users.UsersController.Login (ProductsApi) in 101.0776ms
2026-09-05 14:42:49.642 +00:00 [INF] Executed endpoint 'ProductsApi.Modules.Users.UsersController.Login (ProductsApi)'
2026-09-05 14:42:49.643 +00:00 [INF] HTTP POST /users/login responded 200 in 102.2268 ms
2026-09-05 14:42:49.643 +00:00 [INF] Request finished HTTP/1.1 POST http://localhost:8080/users/login - 200 null application/json; charset=utf-8 103.2861ms
2026-09-05 14:42:52.818 +00:00 [INF] Request starting HTTP/1.1 POST http://localhost:8080/users/login - application/json 55
2026-09-05 14:42:52.819 +00:00 [INF] Executing endpoint 'ProductsApi.Modules.Users.UsersController.Login (ProductsApi)'
2026-09-05 14:42:52.819 +00:00 [INF] Route matched with {action = "Login", controller = "Users"}. Executing controller action with signature System.Threading.Tasks.Task`1[Microsoft.AspNetCore.Mvc.IActionResult] Login(ProductsApi.Modules.Users.Application.DTOs.LoginDto) on controller ProductsApi.Modules.Users.UsersController (ProductsApi).
2026-09-05 14:42:52.821 +00:00 [INF] Executed DbCommand (1ms) [Parameters=[@__email_0='?'], CommandType='"Text"', CommandTimeout='30']
SELECT u."Id", u."CreatedAt", u."Email", u."Name", u."PasswordHash", u."Role"
FROM "Users" AS u
WHERE u."Email" = @__email_0
LIMIT 1
2026-09-05 14:42:52.922 +00:00 [INF] Executing OkObjectResult, writing value of type 'ProductsApi.Modules.Users.Application.DTOs.AuthResponse'.
2026-09-05 14:42:52.922 +00:00 [INF] Executed action ProductsApi.Modules.Users.UsersController.Login (ProductsApi) in 102.7868ms
2026-09-05 14:42:52.922 +00:00 [INF] Executed endpoint 'ProductsApi.Modules.Users.UsersController.Login (ProductsApi)'
2026-09-05 14:42:52.923 +00:00 [INF] HTTP POST /users/login responded 200 in 104.0209 ms
2026-09-05 14:42:52.923 +00:00 [INF] Request finished HTTP/1.1 POST http://localhost:8080/users/login - 200 null application/json; charset=utf-8 104.926ms
2026-09-05 14:42:52.993 +00:00 [INF] Request starting HTTP/1.1 POST http://localhost:8080/users/login - application/json 55
2026-09-05 14:42:52.994 +00:00 [INF] Executing endpoint 'ProductsApi.Modules.Users.UsersController.Login (ProductsApi)'
2026-09-05 14:42:52.994 +00:00 [INF] Route matched with {action = "Login", controller = "Users"}. Executing controller action with signature System.Threading.Tasks.Task`1[Microsoft.AspNetCore.Mvc.IActionResult] Login(ProductsApi.Modules.Users.Application.DTOs.LoginDto) on controller ProductsApi.Modules.Users.UsersController (ProductsApi).
2026-09-05 14:42:52.995 +00:00 [INF] Executed DbCommand (1ms) [Parameters=[@__email_0='?'], CommandType='"Text"', CommandTimeout='30']
SELECT u."Id", u."CreatedAt", u."Email", u."Name", u."PasswordHash", u."Role"
FROM "Users" AS u
WHERE u."Email" = @__email_0
LIMIT 1
2026-09-05 14:42:53.096 +00:00 [INF] Executing OkObjectResult, writing value of type 'ProductsApi.Modules.Users.Application.DTOs.AuthResponse'.
2026-09-05 14:42:53.097 +00:00 [INF] Executed action ProductsApi.Modules.Users.UsersController.Login (ProductsApi) in 102.7029ms
2026-09-05 14:42:53.097 +00:00 [INF] Executed endpoint 'ProductsApi.Modules.Users.UsersController.Login (ProductsApi)'
2026-09-05 14:42:53.097 +00:00 [INF] HTTP POST /users/login responded 200 in 103.6975 ms
2026-09-05 14:42:53.098 +00:00 [INF] Request finished HTTP/1.1 POST http://localhost:8080/users/login - 499 null application/json; charset=utf-8 104.6754ms
2026-09-05 14:42:53.279 +00:00 [INF] Request starting HTTP/1.1 POST http://localhost:8080/users/login - application/json 55
2026-09-05 14:42:53.280 +00:00 [INF] Executing endpoint 'ProductsApi.Modules.Users.UsersController.Login (ProductsApi)'
2026-09-05 14:42:53.280 +00:00 [INF] Route matched with {action = "Login", controller = "Users"}. Executing controller action with signature System.Threading.Tasks.Task`1[Microsoft.AspNetCore.Mvc.IActionResult] Login(ProductsApi.Modules.Users.Application.DTOs.LoginDto) on controller ProductsApi.Modules.Users.UsersController (ProductsApi).
2026-09-05 14:42:53.281 +00:00 [INF] Executed DbCommand (1ms) [Parameters=[@__email_0='?'], CommandType='"Text"', CommandTimeout='30']
SELECT u."Id", u."CreatedAt", u."Email", u."Name", u."PasswordHash", u."Role"
FROM "Users" AS u
WHERE u."Email" = @__email_0
LIMIT 1
2026-09-05 14:42:53.380 +00:00 [INF] Executing OkObjectResult, writing value of type 'ProductsApi.Modules.Users.Application.DTOs.AuthResponse'.
2026-09-05 14:42:53.380 +00:00 [INF] Executed action ProductsApi.Modules.Users.UsersController.Login (ProductsApi) in 100.1838ms
2026-09-05 14:42:53.380 +00:00 [INF] Executed endpoint 'ProductsApi.Modules.Users.UsersController.Login (ProductsApi)'
2026-09-05 14:42:53.381 +00:00 [INF] HTTP POST /users/login responded 200 in 101.1328 ms
2026-09-05 14:42:53.381 +00:00 [INF] Request finished HTTP/1.1 POST http://localhost:8080/users/login - 200 null application/json; charset=utf-8 101.7696ms
2026-09-05 14:42:53.963 +00:00 [INF] Request starting HTTP/1.1 POST http://localhost:8080/users/login - application/json 55
2026-09-05 14:42:53.963 +00:00 [INF] Executing endpoint 'ProductsApi.Modules.Users.UsersController.Login (ProductsApi)'
2026-09-05 14:42:53.964 +00:00 [INF] Route matched with {action = "Login", controller = "Users"}. Executing controller action with signature System.Threading.Tasks.Task`1[Microsoft.AspNetCore.Mvc.IActionResult] Login(ProductsApi.Modules.Users.Application.DTOs.LoginDto) on controller ProductsApi.Modules.Users.UsersController (ProductsApi).
2026-09-05 14:42:53.965 +00:00 [INF] Executed DbCommand (1ms) [Parameters=[@__email_0='?'], CommandType='"Text"', CommandTimeout='30']
SELECT u."Id", u."CreatedAt", u."Email", u."Name", u."PasswordHash", u."Role"
FROM "Users" AS u
WHERE u."Email" = @__email_0
LIMIT 1
2026-09-05 14:42:54.066 +00:00 [INF] Executing OkObjectResult, writing value of type 'ProductsApi.Modules.Users.Application.DTOs.AuthResponse'.
2026-09-05 14:42:54.066 +00:00 [INF] Executed action ProductsApi.Modules.Users.UsersController.Login (ProductsApi) in 102.208ms
2026-09-05 14:42:54.066 +00:00 [INF] Executed endpoint 'ProductsApi.Modules.Users.UsersController.Login (ProductsApi)'
2026-09-05 14:42:54.067 +00:00 [INF] HTTP POST /users/login responded 200 in 103.2262 ms
2026-09-05 14:42:54.067 +00:00 [INF] Request finished HTTP/1.1 POST http://localhost:8080/users/login - 200 null application/json; charset=utf-8 104.1195ms
2026-09-05 14:42:54.136 +00:00 [INF] Request starting HTTP/1.1 POST http://localhost:8080/users/login - application/json 55
2026-09-05 14:42:54.136 +00:00 [INF] Executing endpoint 'ProductsApi.Modules.Users.UsersController.Login (ProductsApi)'
2026-09-05 14:42:54.137 +00:00 [INF] Route matched with {action = "Login", controller = "Users"}. Executing controller action with signature System.Threading.Tasks.Task`1[Microsoft.AspNetCore.Mvc.IActionResult] Login(ProductsApi.Modules.Users.Application.DTOs.LoginDto) on controller ProductsApi.Modules.Users.UsersController (ProductsApi).
2026-09-05 14:42:54.139 +00:00 [INF] Executed DbCommand (1ms) [Parameters=[@__email_0='?'], CommandType='"Text"', CommandTimeout='30']
SELECT u."Id", u."CreatedAt", u."Email", u."Name", u."PasswordHash", u."Role"
FROM "Users" AS u
WHERE u."Email" = @__email_0
LIMIT 1
2026-09-05 14:42:54.237 +00:00 [INF] Executing OkObjectResult, writing value of type 'ProductsApi.Modules.Users.Application.DTOs.AuthResponse'.
2026-09-05 14:42:54.238 +00:00 [INF] Executed action ProductsApi.Modules.Users.UsersController.Login (ProductsApi) in 100.3719ms
2026-09-05 14:42:54.238 +00:00 [INF] Executed endpoint 'ProductsApi.Modules.Users.UsersController.Login (ProductsApi)'
2026-09-05 14:42:54.238 +00:00 [INF] HTTP POST /users/login responded 200 in 101.5624 ms
2026-09-05 14:42:54.238 +00:00 [INF] Request finished HTTP/1.1 POST http://localhost:8080/users/login - 200 null application/json; charset=utf-8 102.5373ms
2026-09-05 14:42:54.777 +00:00 [INF] Request starting HTTP/1.1 POST http://localhost:8080/users/login - application/json 55
2026-09-05 14:42:54.778 +00:00 [INF] Executing endpoint 'ProductsApi.Modules.Users.UsersController.Login (ProductsApi)'
2026-09-05 14:42:54.778 +00:00 [INF] Route matched with {action = "Login", controller = "Users"}. Executing controller action with signature System.Threading.Tasks.Task`1[Microsoft.AspNetCore.Mvc.IActionResult] Login(ProductsApi.Modules.Users.Application.DTOs.LoginDto) on controller ProductsApi.Modules.Users.UsersController (ProductsApi).
2026-09-05 14:42:54.780 +00:00 [INF] Executed DbCommand (1ms) [Parameters=[@__email_0='?'], CommandType='"Text"', CommandTimeout='30']
SELECT u."Id", u."CreatedAt", u."Email", u."Name", u."PasswordHash", u."Role"
FROM "Users" AS u
WHERE u."Email" = @__email_0
LIMIT 1
2026-09-05 14:42:54.878 +00:00 [INF] Executing OkObjectResult, writing value of type 'ProductsApi.Modules.Users.Application.DTOs.AuthResponse'.
2026-09-05 14:42:54.878 +00:00 [INF] Executed action ProductsApi.Modules.Users.UsersController.Login (ProductsApi) in 99.5386ms
2026-09-05 14:42:54.878 +00:00 [INF] Executed endpoint 'ProductsApi.Modules.Users.UsersController.Login (ProductsApi)'
2026-09-05 14:42:54.878 +00:00 [INF] HTTP POST /users/login responded 200 in 100.4585 ms
2026-09-05 14:42:54.879 +00:00 [INF] Request finished HTTP/1.1 POST http://localhost:8080/users/login - 200 null application/json; charset=utf-8 101.3581ms
2026-09-05 14:42:54.973 +00:00 [INF] Request starting HTTP/1.1 POST http://localhost:8080/users/login - application/json 55
2026-09-05 14:42:54.974 +00:00 [INF] Executing endpoint 'ProductsApi.Modules.Users.UsersController.Login (ProductsApi)'
2026-09-05 14:42:54.974 +00:00 [INF] Route matched with {action = "Login", controller = "Users"}. Executing controller action with signature System.Threading.Tasks.Task`1[Microsoft.AspNetCore.Mvc.IActionResult] Login(ProductsApi.Modules.Users.Application.DTOs.LoginDto) on controller ProductsApi.Modules.Users.UsersController (ProductsApi).
2026-09-05 14:42:54.976 +00:00 [INF] Executed DbCommand (1ms) [Parameters=[@__email_0='?'], CommandType='"Text"', CommandTimeout='30']
SELECT u."Id", u."CreatedAt", u."Email", u."Name", u."PasswordHash", u."Role"
FROM "Users" AS u
WHERE u."Email" = @__email_0
LIMIT 1
2026-09-05 14:42:55.078 +00:00 [INF] Executing OkObjectResult, writing value of type 'ProductsApi.Modules.Users.Application.DTOs.AuthResponse'.
2026-09-05 14:42:55.078 +00:00 [INF] Executed action ProductsApi.Modules.Users.UsersController.Login (ProductsApi) in 103.4795ms
2026-09-05 14:42:55.078 +00:00 [INF] Executed endpoint 'ProductsApi.Modules.Users.UsersController.Login (ProductsApi)'
2026-09-05 14:42:55.078 +00:00 [INF] HTTP POST /users/login responded 200 in 104.5182 ms
2026-09-05 14:42:55.079 +00:00 [INF] Request finished HTTP/1.1 POST http://localhost:8080/users/login - 200 null application/json; charset=utf-8 105.4636ms
2026-09-05 14:42:55.476 +00:00 [INF] Request starting HTTP/1.1 POST http://localhost:8080/users/login - application/json 55
2026-09-05 14:42:55.477 +00:00 [INF] Executing endpoint 'ProductsApi.Modules.Users.UsersController.Login (ProductsApi)'
2026-09-05 14:42:55.477 +00:00 [INF] Route matched with {action = "Login", controller = "Users"}. Executing controller action with signature System.Threading.Tasks.Task`1[Microsoft.AspNetCore.Mvc.IActionResult] Login(ProductsApi.Modules.Users.Application.DTOs.LoginDto) on controller ProductsApi.Modules.Users.UsersController (ProductsApi).
2026-09-05 14:42:55.479 +00:00 [INF] Executed DbCommand (1ms) [Parameters=[@__email_0='?'], CommandType='"Text"', CommandTimeout='30']
SELECT u."Id", u."CreatedAt", u."Email", u."Name", u."PasswordHash", u."Role"
FROM "Users" AS u
WHERE u."Email" = @__email_0
LIMIT 1
2026-09-05 14:42:55.577 +00:00 [INF] Executing OkObjectResult, writing value of type 'ProductsApi.Modules.Users.Application.DTOs.AuthResponse'.
2026-09-05 14:42:55.577 +00:00 [INF] Executed action ProductsApi.Modules.Users.UsersController.Login (ProductsApi) in 99.4691ms
2026-09-05 14:42:55.577 +00:00 [INF] Executed endpoint 'ProductsApi.Modules.Users.UsersController.Login (ProductsApi)'
2026-09-05 14:42:55.578 +00:00 [INF] HTTP POST /users/login responded 200 in 100.5556 ms
2026-09-05 14:42:55.578 +00:00 [INF] Request finished HTTP/1.1 POST http://localhost:8080/users/login - 200 null application/json; charset=utf-8 101.5029ms
2026-09-05 14:42:55.645 +00:00 [INF] Request starting HTTP/1.1 POST http://localhost:8080/users/login - application/json 55
2026-09-05 14:42:55.646 +00:00 [INF] Executing endpoint 'ProductsApi.Modules.Users.UsersController.Login (ProductsApi)'
2026-09-05 14:42:55.646 +00:00 [INF] Route matched with {action = "Login", controller = "Users"}. Executing controller action with signature System.Threading.Tasks.Task`1[Microsoft.AspNetCore.Mvc.IActionResult] Login(ProductsApi.Modules.Users.Application.DTOs.LoginDto) on controller ProductsApi.Modules.Users.UsersController (ProductsApi).
2026-09-05 14:42:55.648 +00:00 [INF] Executed DbCommand (1ms) [Parameters=[@__email_0='?'], CommandType='"Text"', CommandTimeout='30']
SELECT u."Id", u."CreatedAt", u."Email", u."Name", u."PasswordHash", u."Role"
FROM "Users" AS u
WHERE u."Email" = @__email_0
LIMIT 1
2026-09-05 14:42:55.746 +00:00 [INF] Executing OkObjectResult, writing value of type 'ProductsApi.Modules.Users.Application.DTOs.AuthResponse'.
2026-09-05 14:42:55.747 +00:00 [INF] Executed action ProductsApi.Modules.Users.UsersController.Login (ProductsApi) in 100.1361ms
2026-09-05 14:42:55.747 +00:00 [INF] Executed endpoint 'ProductsApi.Modules.Users.UsersController.Login (ProductsApi)'
2026-09-05 14:42:55.747 +00:00 [INF] HTTP POST /users/login responded 200 in 101.5915 ms
2026-09-05 14:42:55.748 +00:00 [INF] Request finished HTTP/1.1 POST http://localhost:8080/users/login - 200 null application/json; charset=utf-8 102.4565ms
2026-09-05 14:42:56.086 +00:00 [INF] Request starting HTTP/1.1 POST http://localhost:8080/users/login - application/json 55
2026-09-05 14:42:56.087 +00:00 [INF] Executing endpoint 'ProductsApi.Modules.Users.UsersController.Login (ProductsApi)'
2026-09-05 14:42:56.087 +00:00 [INF] Route matched with {action = "Login", controller = "Users"}. Executing controller action with signature System.Threading.Tasks.Task`1[Microsoft.AspNetCore.Mvc.IActionResult] Login(ProductsApi.Modules.Users.Application.DTOs.LoginDto) on controller ProductsApi.Modules.Users.UsersController (ProductsApi).
2026-09-05 14:42:56.089 +00:00 [INF] Executed DbCommand (1ms) [Parameters=[@__email_0='?'], CommandType='"Text"', CommandTimeout='30']
SELECT u."Id", u."CreatedAt", u."Email", u."Name", u."PasswordHash", u."Role"
FROM "Users" AS u
WHERE u."Email" = @__email_0
LIMIT 1
2026-09-05 14:42:56.187 +00:00 [INF] Executing OkObjectResult, writing value of type 'ProductsApi.Modules.Users.Application.DTOs.AuthResponse'.
2026-09-05 14:42:56.188 +00:00 [INF] Executed action ProductsApi.Modules.Users.UsersController.Login (ProductsApi) in 100.346ms
2026-09-05 14:42:56.188 +00:00 [INF] Executed endpoint 'ProductsApi.Modules.Users.UsersController.Login (ProductsApi)'
2026-09-05 14:42:56.189 +00:00 [INF] HTTP POST /users/login responded 200 in 101.9745 ms
2026-09-05 14:42:56.189 +00:00 [INF] Request finished HTTP/1.1 POST http://localhost:8080/users/login - 200 null application/json; charset=utf-8 103.2255ms
2026-09-05 14:42:56.258 +00:00 [INF] Request starting HTTP/1.1 POST http://localhost:8080/users/login - application/json 55
2026-09-05 14:42:56.259 +00:00 [INF] Executing endpoint 'ProductsApi.Modules.Users.UsersController.Login (ProductsApi)'
2026-09-05 14:42:56.259 +00:00 [INF] Route matched with {action = "Login", controller = "Users"}. Executing controller action with signature System.Threading.Tasks.Task`1[Microsoft.AspNetCore.Mvc.IActionResult] Login(ProductsApi.Modules.Users.Application.DTOs.LoginDto) on controller ProductsApi.Modules.Users.UsersController (ProductsApi).
2026-09-05 14:42:56.261 +00:00 [INF] Executed DbCommand (1ms) [Parameters=[@__email_0='?'], CommandType='"Text"', CommandTimeout='30']
SELECT u."Id", u."CreatedAt", u."Email", u."Name", u."PasswordHash", u."Role"
FROM "Users" AS u
WHERE u."Email" = @__email_0
LIMIT 1
2026-09-05 14:42:56.360 +00:00 [INF] Executing OkObjectResult, writing value of type 'ProductsApi.Modules.Users.Application.DTOs.AuthResponse'.
2026-09-05 14:42:56.361 +00:00 [INF] Executed action ProductsApi.Modules.Users.UsersController.Login (ProductsApi) in 101.0358ms
2026-09-05 14:42:56.361 +00:00 [INF] Executed endpoint 'ProductsApi.Modules.Users.UsersController.Login (ProductsApi)'
2026-09-05 14:42:56.361 +00:00 [INF] HTTP POST /users/login responded 200 in 102.1737 ms
2026-09-05 14:42:56.361 +00:00 [INF] Request finished HTTP/1.1 POST http://localhost:8080/users/login - 200 null application/json; charset=utf-8 103.0299ms
2026-09-05 14:42:56.429 +00:00 [INF] Request starting HTTP/1.1 POST http://localhost:8080/users/login - application/json 55
2026-09-05 14:42:56.429 +00:00 [INF] Executing endpoint 'ProductsApi.Modules.Users.UsersController.Login (ProductsApi)'
2026-09-05 14:42:56.430 +00:00 [INF] Route matched with {action = "Login", controller = "Users"}. Executing controller action with signature System.Threading.Tasks.Task`1[Microsoft.AspNetCore.Mvc.IActionResult] Login(ProductsApi.Modules.Users.Application.DTOs.LoginDto) on controller ProductsApi.Modules.Users.UsersController (ProductsApi).
2026-09-05 14:42:56.432 +00:00 [INF] Executed DbCommand (1ms) [Parameters=[@__email_0='?'], CommandType='"Text"', CommandTimeout='30']
SELECT u."Id", u."CreatedAt", u."Email", u."Name", u."PasswordHash", u."Role"
FROM "Users" AS u
WHERE u."Email" = @__email_0
LIMIT 1
2026-09-05 14:42:56.536 +00:00 [INF] Executing OkObjectResult, writing value of type 'ProductsApi.Modules.Users.Application.DTOs.AuthResponse'.
2026-09-05 14:42:56.536 +00:00 [INF] Executed action ProductsApi.Modules.Users.UsersController.Login (ProductsApi) in 106.4156ms
2026-09-05 14:42:56.537 +00:00 [INF] Executed endpoint 'ProductsApi.Modules.Users.UsersController.Login (ProductsApi)'
2026-09-05 14:42:56.537 +00:00 [INF] HTTP POST /users/login responded 200 in 107.7006 ms
2026-09-05 14:42:56.537 +00:00 [INF] Request finished HTTP/1.1 POST http://localhost:8080/users/login - 200 null application/json; charset=utf-8 108.5335ms
2026-09-05 14:42:57.067 +00:00 [INF] Request starting HTTP/1.1 POST http://localhost:8080/users/login - application/json 55
2026-09-05 14:42:57.068 +00:00 [INF] Executing endpoint 'ProductsApi.Modules.Users.UsersController.Login (ProductsApi)'
2026-09-05 14:42:57.068 +00:00 [INF] Route matched with {action = "Login", controller = "Users"}. Executing controller action with signature System.Threading.Tasks.Task`1[Microsoft.AspNetCore.Mvc.IActionResult] Login(ProductsApi.Modules.Users.Application.DTOs.LoginDto) on controller ProductsApi.Modules.Users.UsersController (ProductsApi).
2026-09-05 14:42:57.070 +00:00 [INF] Executed DbCommand (1ms) [Parameters=[@__email_0='?'], CommandType='"Text"', CommandTimeout='30']
SELECT u."Id", u."CreatedAt", u."Email", u."Name", u."PasswordHash", u."Role"
FROM "Users" AS u
WHERE u."Email" = @__email_0
LIMIT 1
2026-09-05 14:42:57.170 +00:00 [INF] Executing OkObjectResult, writing value of type 'ProductsApi.Modules.Users.Application.DTOs.AuthResponse'.
2026-09-05 14:42:57.170 +00:00 [INF] Executed action ProductsApi.Modules.Users.UsersController.Login (ProductsApi) in 101.6607ms
2026-09-05 14:42:57.171 +00:00 [INF] Executed endpoint 'ProductsApi.Modules.Users.UsersController.Login (ProductsApi)'
2026-09-05 14:42:57.171 +00:00 [INF] HTTP POST /users/login responded 200 in 103.0178 ms
2026-09-05 14:42:57.171 +00:00 [INF] Request finished HTTP/1.1 POST http://localhost:8080/users/login - 200 null application/json; charset=utf-8 104.0037ms
2026-09-05 14:42:57.249 +00:00 [INF] Request starting HTTP/1.1 POST http://localhost:8080/users/login - application/json 55
2026-09-05 14:42:57.249 +00:00 [INF] Executing endpoint 'ProductsApi.Modules.Users.UsersController.Login (ProductsApi)'
2026-09-05 14:42:57.250 +00:00 [INF] Route matched with {action = "Login", controller = "Users"}. Executing controller action with signature System.Threading.Tasks.Task`1[Microsoft.AspNetCore.Mvc.IActionResult] Login(ProductsApi.Modules.Users.Application.DTOs.LoginDto) on controller ProductsApi.Modules.Users.UsersController (ProductsApi).
2026-09-05 14:42:57.253 +00:00 [INF] Executed DbCommand (2ms) [Parameters=[@__email_0='?'], CommandType='"Text"', CommandTimeout='30']
SELECT u."Id", u."CreatedAt", u."Email", u."Name", u."PasswordHash", u."Role"
FROM "Users" AS u
WHERE u."Email" = @__email_0
LIMIT 1
2026-09-05 14:42:57.371 +00:00 [INF] Executing OkObjectResult, writing value of type 'ProductsApi.Modules.Users.Application.DTOs.AuthResponse'.
2026-09-05 14:42:57.371 +00:00 [INF] Executed action ProductsApi.Modules.Users.UsersController.Login (ProductsApi) in 121.3149ms
2026-09-05 14:42:57.372 +00:00 [INF] Executed endpoint 'ProductsApi.Modules.Users.UsersController.Login (ProductsApi)'
2026-09-05 14:42:57.372 +00:00 [INF] HTTP POST /users/login responded 200 in 122.7035 ms
2026-09-05 14:42:57.372 +00:00 [INF] Request finished HTTP/1.1 POST http://localhost:8080/users/login - 499 null application/json; charset=utf-8 123.6339ms
2026-09-05 14:42:57.523 +00:00 [INF] Request starting HTTP/1.1 POST http://localhost:8080/users/login - application/json 55
2026-09-05 14:42:57.523 +00:00 [INF] Executing endpoint 'ProductsApi.Modules.Users.UsersController.Login (ProductsApi)'
2026-09-05 14:42:57.523 +00:00 [INF] Route matched with {action = "Login", controller = "Users"}. Executing controller action with signature System.Threading.Tasks.Task`1[Microsoft.AspNetCore.Mvc.IActionResult] Login(ProductsApi.Modules.Users.Application.DTOs.LoginDto) on controller ProductsApi.Modules.Users.UsersController (ProductsApi).
2026-09-05 14:42:57.525 +00:00 [INF] Executed DbCommand (1ms) [Parameters=[@__email_0='?'], CommandType='"Text"', CommandTimeout='30']
SELECT u."Id", u."CreatedAt", u."Email", u."Name", u."PasswordHash", u."Role"
FROM "Users" AS u
WHERE u."Email" = @__email_0
LIMIT 1
2026-09-05 14:42:57.631 +00:00 [INF] Executing OkObjectResult, writing value of type 'ProductsApi.Modules.Users.Application.DTOs.AuthResponse'.
2026-09-05 14:42:57.631 +00:00 [INF] Executed action ProductsApi.Modules.Users.UsersController.Login (ProductsApi) in 107.7473ms
2026-09-05 14:42:57.632 +00:00 [INF] Executed endpoint 'ProductsApi.Modules.Users.UsersController.Login (ProductsApi)'
2026-09-05 14:42:57.632 +00:00 [INF] HTTP POST /users/login responded 200 in 108.9002 ms
2026-09-05 14:42:57.632 +00:00 [INF] Request finished HTTP/1.1 POST http://localhost:8080/users/login - 200 null application/json; charset=utf-8 109.8699ms
2026-09-05 14:43:07.104 +00:00 [INF] Application is shutting down...
2026-09-05 14:43:17.137 +00:00 [WRN] Storing keys in a directory '/root/.aspnet/DataProtection-Keys' that may not be persisted outside of the container. Protected data will be unavailable when container is destroyed. For more information go to https://aka.ms/aspnet/dataprotectionwarning
2026-09-05 14:43:17.166 +00:00 [INF] User profile is available. Using '/root/.aspnet/DataProtection-Keys' as key repository; keys will not be encrypted at rest.
2026-09-05 14:43:17.173 +00:00 [INF] Creating key {9e5ea807-df00-4ba6-bdcc-0148e633875f} with creation date 2026-09-05 14:43:17Z, activation date 2026-09-05 14:43:17Z, and expiration date 2026-12-04 14:43:17Z.
2026-09-05 14:43:17.183 +00:00 [WRN] No XML encryptor configured. Key {9e5ea807-df00-4ba6-bdcc-0148e633875f} may be persisted to storage in unencrypted form.
2026-09-05 14:43:17.186 +00:00 [INF] Writing data to file '/root/.aspnet/DataProtection-Keys/key-9e5ea807-df00-4ba6-bdcc-0148e633875f.xml'.
2026-09-05 14:43:17.194 +00:00 [WRN] Overriding HTTP_PORTS '8080' and HTTPS_PORTS ''. Binding to values defined by URLS instead 'http://+:8080'.
2026-09-05 14:43:17.225 +00:00 [INF] Now listening on: http://[::]:8080
2026-09-05 14:43:17.226 +00:00 [INF] Application started. Press Ctrl+C to shut down.
2026-09-05 14:43:17.226 +00:00 [INF] Hosting environment: Development
2026-09-05 14:43:17.227 +00:00 [INF] Content root path: /src
2026-09-05 14:43:41.679 +00:00 [INF] Request starting HTTP/1.1 POST http://localhost:8080/users/login - application/json 55
2026-09-05 14:43:41.717 +00:00 [INF] Executing endpoint 'ProductsApi.Modules.Users.UsersController.Login (ProductsApi)'
2026-09-05 14:43:41.732 +00:00 [INF] Route matched with {action = "Login", controller = "Users"}. Executing controller action with signature System.Threading.Tasks.Task`1[Microsoft.AspNetCore.Mvc.IActionResult] Login(ProductsApi.Modules.Users.Application.DTOs.LoginDto) on controller ProductsApi.Modules.Users.UsersController (ProductsApi).
2026-09-05 14:43:41.975 +00:00 [INF] Request starting HTTP/1.1 POST http://localhost:8080/users/login - application/json 55
2026-09-05 14:43:41.978 +00:00 [INF] Executing endpoint 'ProductsApi.Modules.Users.UsersController.Login (ProductsApi)'
2026-09-05 14:43:41.979 +00:00 [INF] Route matched with {action = "Login", controller = "Users"}. Executing controller action with signature System.Threading.Tasks.Task`1[Microsoft.AspNetCore.Mvc.IActionResult] Login(ProductsApi.Modules.Users.Application.DTOs.LoginDto) on controller ProductsApi.Modules.Users.UsersController (ProductsApi).
2026-09-05 14:43:42.126 +00:00 [INF] Executed action ProductsApi.Modules.Users.UsersController.Login (ProductsApi) in 391.05ms
2026-09-05 14:43:42.129 +00:00 [INF] Executed endpoint 'ProductsApi.Modules.Users.UsersController.Login (ProductsApi)'
2026-09-05 14:43:42.130 +00:00 [ERR] Erro não tratado: Unexpected end of request content. | Path: /users/login | Method: POST
Microsoft.AspNetCore.Server.Kestrel.Core.BadHttpRequestException: Unexpected end of request content.
   at Microsoft.AspNetCore.Server.Kestrel.Core.Internal.Http.Http1ContentLengthMessageBody.ReadAsyncInternal(CancellationToken cancellationToken)
   at System.Runtime.CompilerServices.PoolingAsyncValueTaskMethodBuilder`1.StateMachineBox`1.System.Threading.Tasks.Sources.IValueTaskSource<TResult>.GetResult(Int16 token)
   at Microsoft.AspNetCore.Server.Kestrel.Core.Internal.Http.HttpRequestStream.ReadAsyncInternal(Memory`1 destination, CancellationToken cancellationToken)
   at System.Runtime.CompilerServices.PoolingAsyncValueTaskMethodBuilder`1.StateMachineBox`1.System.Threading.Tasks.Sources.IValueTaskSource<TResult>.GetResult(Int16 token)
   at System.Text.Json.Serialization.ReadBufferState.ReadFromStreamAsync(Stream utf8Json, CancellationToken cancellationToken, Boolean fillBuffer)
   at System.Text.Json.Serialization.Metadata.JsonTypeInfo`1.DeserializeAsync(Stream utf8Json, CancellationToken cancellationToken)
   at System.Text.Json.Serialization.Metadata.JsonTypeInfo`1.DeserializeAsObjectAsync(Stream utf8Json, CancellationToken cancellationToken)
   at Microsoft.AspNetCore.Mvc.Formatters.SystemTextJsonInputFormatter.ReadRequestBodyAsync(InputFormatterContext context, Encoding encoding)
   at Microsoft.AspNetCore.Mvc.Formatters.SystemTextJsonInputFormatter.ReadRequestBodyAsync(InputFormatterContext context, Encoding encoding)
   at Microsoft.AspNetCore.Mvc.ModelBinding.Binders.BodyModelBinder.BindModelAsync(ModelBindingContext bindingContext)
   at Microsoft.AspNetCore.Mvc.ModelBinding.ParameterBinder.BindModelAsync(ActionContext actionContext, IModelBinder modelBinder, IValueProvider valueProvider, ParameterDescriptor parameter, ModelMetadata metadata, Object value, Object container)
   at Microsoft.AspNetCore.Mvc.Controllers.ControllerBinderDelegateProvider.<>c__DisplayClass0_0.<<CreateBinderDelegate>g__Bind|0>d.MoveNext()
--- End of stack trace from previous location ---
   at Microsoft.AspNetCore.Mvc.Infrastructure.ControllerActionInvoker.<InvokeInnerFilterAsync>g__Awaited|13_0(ControllerActionInvoker invoker, Task lastTask, State next, Scope scope, Object state, Boolean isCompleted)
   at Microsoft.AspNetCore.Mvc.Infrastructure.ResourceInvoker.<InvokeFilterPipelineAsync>g__Awaited|20_0(ResourceInvoker invoker, Task lastTask, State next, Scope scope, Object state, Boolean isCompleted)
   at Microsoft.AspNetCore.Mvc.Infrastructure.ResourceInvoker.<InvokeAsync>g__Logged|17_1(ResourceInvoker invoker)
   at Microsoft.AspNetCore.Mvc.Infrastructure.ResourceInvoker.<InvokeAsync>g__Logged|17_1(ResourceInvoker invoker)
   at Microsoft.AspNetCore.Routing.EndpointMiddleware.<Invoke>g__AwaitRequestTask|7_0(Endpoint endpoint, Task requestTask, ILogger logger)
   at Microsoft.AspNetCore.Authorization.AuthorizationMiddleware.Invoke(HttpContext context)
   at Microsoft.AspNetCore.Authentication.AuthenticationMiddleware.Invoke(HttpContext context)
   at ProductsApi.Infrastructure.Middleware.GlobalExceptionMiddleware.InvokeAsync(HttpContext context) in /src/src/Infrastructure/Middleware/GlobalExceptionMiddleware.cs:line 13
2026-09-05 14:43:42.158 +00:00 [ERR] HTTP POST /users/login responded 500 in 458.6357 ms
2026-09-05 14:43:42.164 +00:00 [INF] Request finished HTTP/1.1 POST http://localhost:8080/users/login - 500 null application/json 485.6278ms
2026-09-05 14:43:42.406 +00:00 [INF] Executed DbCommand (30ms) [Parameters=[@__email_0='?'], CommandType='"Text"', CommandTimeout='30']
SELECT u."Id", u."CreatedAt", u."Email", u."Name", u."PasswordHash", u."Role"
FROM "Users" AS u
WHERE u."Email" = @__email_0
LIMIT 1
2026-09-05 14:43:42.811 +00:00 [INF] Executing OkObjectResult, writing value of type 'ProductsApi.Modules.Users.Application.DTOs.AuthResponse'.
2026-09-05 14:43:42.815 +00:00 [INF] Executed action ProductsApi.Modules.Users.UsersController.Login (ProductsApi) in 836.1803ms
2026-09-05 14:43:42.816 +00:00 [INF] Executed endpoint 'ProductsApi.Modules.Users.UsersController.Login (ProductsApi)'
2026-09-05 14:43:42.816 +00:00 [INF] HTTP POST /users/login responded 200 in 839.4651 ms
2026-09-05 14:43:42.820 +00:00 [INF] Request finished HTTP/1.1 POST http://localhost:8080/users/login - 499 null application/json; charset=utf-8 844.9757ms
2026-09-05 14:43:44.789 +00:00 [INF] Request starting HTTP/1.1 POST http://localhost:8080/users/login - application/json 55
2026-09-05 14:43:44.792 +00:00 [INF] Executing endpoint 'ProductsApi.Modules.Users.UsersController.Login (ProductsApi)'
2026-09-05 14:43:44.792 +00:00 [INF] Route matched with {action = "Login", controller = "Users"}. Executing controller action with signature System.Threading.Tasks.Task`1[Microsoft.AspNetCore.Mvc.IActionResult] Login(ProductsApi.Modules.Users.Application.DTOs.LoginDto) on controller ProductsApi.Modules.Users.UsersController (ProductsApi).
2026-09-05 14:43:44.829 +00:00 [INF] Executed DbCommand (1ms) [Parameters=[@__email_0='?'], CommandType='"Text"', CommandTimeout='30']
SELECT u."Id", u."CreatedAt", u."Email", u."Name", u."PasswordHash", u."Role"
FROM "Users" AS u
WHERE u."Email" = @__email_0
LIMIT 1
2026-09-05 14:43:45.069 +00:00 [INF] Executing OkObjectResult, writing value of type 'ProductsApi.Modules.Users.Application.DTOs.AuthResponse'.
2026-09-05 14:43:45.070 +00:00 [INF] Executed action ProductsApi.Modules.Users.UsersController.Login (ProductsApi) in 277.4305ms
2026-09-05 14:43:45.070 +00:00 [INF] Executed endpoint 'ProductsApi.Modules.Users.UsersController.Login (ProductsApi)'
2026-09-05 14:43:45.070 +00:00 [INF] HTTP POST /users/login responded 200 in 280.2391 ms
2026-09-05 14:43:45.071 +00:00 [INF] Request finished HTTP/1.1 POST http://localhost:8080/users/login - 200 null application/json; charset=utf-8 281.5457ms
2026-09-05 14:43:45.502 +00:00 [INF] Request starting HTTP/1.1 POST http://localhost:8080/users/login - application/json 55
2026-09-05 14:43:45.503 +00:00 [INF] Executing endpoint 'ProductsApi.Modules.Users.UsersController.Login (ProductsApi)'
2026-09-05 14:43:45.504 +00:00 [INF] Route matched with {action = "Login", controller = "Users"}. Executing controller action with signature System.Threading.Tasks.Task`1[Microsoft.AspNetCore.Mvc.IActionResult] Login(ProductsApi.Modules.Users.Application.DTOs.LoginDto) on controller ProductsApi.Modules.Users.UsersController (ProductsApi).
2026-09-05 14:43:45.507 +00:00 [INF] Executed DbCommand (1ms) [Parameters=[@__email_0='?'], CommandType='"Text"', CommandTimeout='30']
SELECT u."Id", u."CreatedAt", u."Email", u."Name", u."PasswordHash", u."Role"
FROM "Users" AS u
WHERE u."Email" = @__email_0
LIMIT 1
2026-09-05 14:43:45.607 +00:00 [INF] Executing OkObjectResult, writing value of type 'ProductsApi.Modules.Users.Application.DTOs.AuthResponse'.
2026-09-05 14:43:45.608 +00:00 [INF] Executed action ProductsApi.Modules.Users.UsersController.Login (ProductsApi) in 103.439ms
2026-09-05 14:43:45.608 +00:00 [INF] Executed endpoint 'ProductsApi.Modules.Users.UsersController.Login (ProductsApi)'
2026-09-05 14:43:45.608 +00:00 [INF] HTTP POST /users/login responded 200 in 105.1595 ms
2026-09-05 14:43:45.609 +00:00 [INF] Request finished HTTP/1.1 POST http://localhost:8080/users/login - 200 null application/json; charset=utf-8 106.4134ms
2026-09-05 14:43:46.038 +00:00 [INF] Request starting HTTP/1.1 POST http://localhost:8080/users/login - application/json 55
2026-09-05 14:43:46.039 +00:00 [INF] Executing endpoint 'ProductsApi.Modules.Users.UsersController.Login (ProductsApi)'
2026-09-05 14:43:46.039 +00:00 [INF] Route matched with {action = "Login", controller = "Users"}. Executing controller action with signature System.Threading.Tasks.Task`1[Microsoft.AspNetCore.Mvc.IActionResult] Login(ProductsApi.Modules.Users.Application.DTOs.LoginDto) on controller ProductsApi.Modules.Users.UsersController (ProductsApi).
2026-09-05 14:43:46.041 +00:00 [INF] Executed DbCommand (1ms) [Parameters=[@__email_0='?'], CommandType='"Text"', CommandTimeout='30']
SELECT u."Id", u."CreatedAt", u."Email", u."Name", u."PasswordHash", u."Role"
FROM "Users" AS u
WHERE u."Email" = @__email_0
LIMIT 1
2026-09-05 14:43:46.140 +00:00 [INF] Executing OkObjectResult, writing value of type 'ProductsApi.Modules.Users.Application.DTOs.AuthResponse'.
2026-09-05 14:43:46.141 +00:00 [INF] Executed action ProductsApi.Modules.Users.UsersController.Login (ProductsApi) in 101.0928ms
2026-09-05 14:43:46.141 +00:00 [INF] Executed endpoint 'ProductsApi.Modules.Users.UsersController.Login (ProductsApi)'
2026-09-05 14:43:46.141 +00:00 [INF] HTTP POST /users/login responded 200 in 102.5249 ms
2026-09-05 14:43:46.142 +00:00 [INF] Request finished HTTP/1.1 POST http://localhost:8080/users/login - 200 null application/json; charset=utf-8 103.7521ms
2026-09-05 14:43:46.556 +00:00 [INF] Request starting HTTP/1.1 POST http://localhost:8080/users/login - application/json 55
2026-09-05 14:43:46.557 +00:00 [INF] Executing endpoint 'ProductsApi.Modules.Users.UsersController.Login (ProductsApi)'
2026-09-05 14:43:46.557 +00:00 [INF] Route matched with {action = "Login", controller = "Users"}. Executing controller action with signature System.Threading.Tasks.Task`1[Microsoft.AspNetCore.Mvc.IActionResult] Login(ProductsApi.Modules.Users.Application.DTOs.LoginDto) on controller ProductsApi.Modules.Users.UsersController (ProductsApi).
2026-09-05 14:43:46.560 +00:00 [INF] Executed DbCommand (1ms) [Parameters=[@__email_0='?'], CommandType='"Text"', CommandTimeout='30']
SELECT u."Id", u."CreatedAt", u."Email", u."Name", u."PasswordHash", u."Role"
FROM "Users" AS u
WHERE u."Email" = @__email_0
LIMIT 1
2026-09-05 14:43:46.661 +00:00 [INF] Executing OkObjectResult, writing value of type 'ProductsApi.Modules.Users.Application.DTOs.AuthResponse'.
2026-09-05 14:43:46.661 +00:00 [INF] Executed action ProductsApi.Modules.Users.UsersController.Login (ProductsApi) in 103.3712ms
2026-09-05 14:43:46.661 +00:00 [INF] Executed endpoint 'ProductsApi.Modules.Users.UsersController.Login (ProductsApi)'
2026-09-05 14:43:46.661 +00:00 [INF] HTTP POST /users/login responded 200 in 104.8838 ms
2026-09-05 14:43:46.662 +00:00 [INF] Request finished HTTP/1.1 POST http://localhost:8080/users/login - 200 null application/json; charset=utf-8 106.0962ms
2026-09-05 14:43:47.108 +00:00 [INF] Request starting HTTP/1.1 POST http://localhost:8080/users/login - application/json 55
2026-09-05 14:43:47.108 +00:00 [INF] Executing endpoint 'ProductsApi.Modules.Users.UsersController.Login (ProductsApi)'
2026-09-05 14:43:47.109 +00:00 [INF] Route matched with {action = "Login", controller = "Users"}. Executing controller action with signature System.Threading.Tasks.Task`1[Microsoft.AspNetCore.Mvc.IActionResult] Login(ProductsApi.Modules.Users.Application.DTOs.LoginDto) on controller ProductsApi.Modules.Users.UsersController (ProductsApi).
2026-09-05 14:43:47.111 +00:00 [INF] Executed DbCommand (1ms) [Parameters=[@__email_0='?'], CommandType='"Text"', CommandTimeout='30']
SELECT u."Id", u."CreatedAt", u."Email", u."Name", u."PasswordHash", u."Role"
FROM "Users" AS u
WHERE u."Email" = @__email_0
LIMIT 1
2026-09-05 14:43:47.209 +00:00 [INF] Executing OkObjectResult, writing value of type 'ProductsApi.Modules.Users.Application.DTOs.AuthResponse'.
2026-09-05 14:43:47.210 +00:00 [INF] Executed action ProductsApi.Modules.Users.UsersController.Login (ProductsApi) in 100.6499ms
2026-09-05 14:43:47.210 +00:00 [INF] Executed endpoint 'ProductsApi.Modules.Users.UsersController.Login (ProductsApi)'
2026-09-05 14:43:47.210 +00:00 [INF] HTTP POST /users/login responded 200 in 102.1294 ms
2026-09-05 14:43:47.212 +00:00 [INF] Request finished HTTP/1.1 POST http://localhost:8080/users/login - 200 null application/json; charset=utf-8 104.1238ms
2026-09-05 14:43:47.639 +00:00 [INF] Request starting HTTP/1.1 POST http://localhost:8080/users/login - application/json 55
2026-09-05 14:43:47.640 +00:00 [INF] Executing endpoint 'ProductsApi.Modules.Users.UsersController.Login (ProductsApi)'
2026-09-05 14:43:47.640 +00:00 [INF] Route matched with {action = "Login", controller = "Users"}. Executing controller action with signature System.Threading.Tasks.Task`1[Microsoft.AspNetCore.Mvc.IActionResult] Login(ProductsApi.Modules.Users.Application.DTOs.LoginDto) on controller ProductsApi.Modules.Users.UsersController (ProductsApi).
2026-09-05 14:43:47.643 +00:00 [INF] Executed DbCommand (1ms) [Parameters=[@__email_0='?'], CommandType='"Text"', CommandTimeout='30']
SELECT u."Id", u."CreatedAt", u."Email", u."Name", u."PasswordHash", u."Role"
FROM "Users" AS u
WHERE u."Email" = @__email_0
LIMIT 1
2026-09-05 14:43:47.741 +00:00 [INF] Executing OkObjectResult, writing value of type 'ProductsApi.Modules.Users.Application.DTOs.AuthResponse'.
2026-09-05 14:43:47.741 +00:00 [INF] Executed action ProductsApi.Modules.Users.UsersController.Login (ProductsApi) in 100.6557ms
2026-09-05 14:43:47.742 +00:00 [INF] Executed endpoint 'ProductsApi.Modules.Users.UsersController.Login (ProductsApi)'
2026-09-05 14:43:47.742 +00:00 [INF] HTTP POST /users/login responded 200 in 101.9389 ms
2026-09-05 14:43:47.743 +00:00 [INF] Request finished HTTP/1.1 POST http://localhost:8080/users/login - 200 null application/json; charset=utf-8 103.3061ms
2026-09-05 14:43:48.195 +00:00 [INF] Request starting HTTP/1.1 POST http://localhost:8080/users/login - application/json 55
2026-09-05 14:43:48.196 +00:00 [INF] Executing endpoint 'ProductsApi.Modules.Users.UsersController.Login (ProductsApi)'
2026-09-05 14:43:48.196 +00:00 [INF] Route matched with {action = "Login", controller = "Users"}. Executing controller action with signature System.Threading.Tasks.Task`1[Microsoft.AspNetCore.Mvc.IActionResult] Login(ProductsApi.Modules.Users.Application.DTOs.LoginDto) on controller ProductsApi.Modules.Users.UsersController (ProductsApi).
2026-09-05 14:43:48.198 +00:00 [INF] Executed DbCommand (1ms) [Parameters=[@__email_0='?'], CommandType='"Text"', CommandTimeout='30']
SELECT u."Id", u."CreatedAt", u."Email", u."Name", u."PasswordHash", u."Role"
FROM "Users" AS u
WHERE u."Email" = @__email_0
LIMIT 1
2026-09-05 14:43:48.297 +00:00 [INF] Executing OkObjectResult, writing value of type 'ProductsApi.Modules.Users.Application.DTOs.AuthResponse'.
2026-09-05 14:43:48.297 +00:00 [INF] Executed action ProductsApi.Modules.Users.UsersController.Login (ProductsApi) in 100.822ms
2026-09-05 14:43:48.297 +00:00 [INF] Executed endpoint 'ProductsApi.Modules.Users.UsersController.Login (ProductsApi)'
2026-09-05 14:43:48.298 +00:00 [INF] HTTP POST /users/login responded 200 in 102.1783 ms
2026-09-05 14:43:48.298 +00:00 [INF] Request finished HTTP/1.1 POST http://localhost:8080/users/login - 200 null application/json; charset=utf-8 103.2616ms
2026-09-05 14:43:48.715 +00:00 [INF] Request starting HTTP/1.1 POST http://localhost:8080/users/login - application/json 55
2026-09-05 14:43:48.716 +00:00 [INF] Executing endpoint 'ProductsApi.Modules.Users.UsersController.Login (ProductsApi)'
2026-09-05 14:43:48.717 +00:00 [INF] Route matched with {action = "Login", controller = "Users"}. Executing controller action with signature System.Threading.Tasks.Task`1[Microsoft.AspNetCore.Mvc.IActionResult] Login(ProductsApi.Modules.Users.Application.DTOs.LoginDto) on controller ProductsApi.Modules.Users.UsersController (ProductsApi).
2026-09-05 14:43:48.719 +00:00 [INF] Executed DbCommand (1ms) [Parameters=[@__email_0='?'], CommandType='"Text"', CommandTimeout='30']
SELECT u."Id", u."CreatedAt", u."Email", u."Name", u."PasswordHash", u."Role"
FROM "Users" AS u
WHERE u."Email" = @__email_0
LIMIT 1
2026-09-05 14:43:48.819 +00:00 [INF] Executing OkObjectResult, writing value of type 'ProductsApi.Modules.Users.Application.DTOs.AuthResponse'.
2026-09-05 14:43:48.819 +00:00 [INF] Executed action ProductsApi.Modules.Users.UsersController.Login (ProductsApi) in 101.9091ms
2026-09-05 14:43:48.819 +00:00 [INF] Executed endpoint 'ProductsApi.Modules.Users.UsersController.Login (ProductsApi)'
2026-09-05 14:43:48.820 +00:00 [INF] HTTP POST /users/login responded 200 in 103.6513 ms
2026-09-05 14:43:48.820 +00:00 [INF] Request finished HTTP/1.1 POST http://localhost:8080/users/login - 200 null application/json; charset=utf-8 104.6757ms
2026-09-05 14:43:49.235 +00:00 [INF] Request starting HTTP/1.1 POST http://localhost:8080/users/login - application/json 55
2026-09-05 14:43:49.236 +00:00 [INF] Executing endpoint 'ProductsApi.Modules.Users.UsersController.Login (ProductsApi)'
2026-09-05 14:43:49.236 +00:00 [INF] Route matched with {action = "Login", controller = "Users"}. Executing controller action with signature System.Threading.Tasks.Task`1[Microsoft.AspNetCore.Mvc.IActionResult] Login(ProductsApi.Modules.Users.Application.DTOs.LoginDto) on controller ProductsApi.Modules.Users.UsersController (ProductsApi).
2026-09-05 14:43:49.239 +00:00 [INF] Executed DbCommand (1ms) [Parameters=[@__email_0='?'], CommandType='"Text"', CommandTimeout='30']
SELECT u."Id", u."CreatedAt", u."Email", u."Name", u."PasswordHash", u."Role"
FROM "Users" AS u
WHERE u."Email" = @__email_0
LIMIT 1
2026-09-05 14:43:49.340 +00:00 [INF] Executing OkObjectResult, writing value of type 'ProductsApi.Modules.Users.Application.DTOs.AuthResponse'.
2026-09-05 14:43:49.341 +00:00 [INF] Executed action ProductsApi.Modules.Users.UsersController.Login (ProductsApi) in 104.0324ms
2026-09-05 14:43:49.341 +00:00 [INF] Executed endpoint 'ProductsApi.Modules.Users.UsersController.Login (ProductsApi)'
2026-09-05 14:43:49.341 +00:00 [INF] HTTP POST /users/login responded 200 in 105.2945 ms
2026-09-05 14:43:49.342 +00:00 [INF] Request finished HTTP/1.1 POST http://localhost:8080/users/login - 200 null application/json; charset=utf-8 106.2785ms
2026-09-05 14:43:49.756 +00:00 [INF] Request starting HTTP/1.1 POST http://localhost:8080/users/login - application/json 55
2026-09-05 14:43:49.757 +00:00 [INF] Executing endpoint 'ProductsApi.Modules.Users.UsersController.Login (ProductsApi)'
2026-09-05 14:43:49.757 +00:00 [INF] Route matched with {action = "Login", controller = "Users"}. Executing controller action with signature System.Threading.Tasks.Task`1[Microsoft.AspNetCore.Mvc.IActionResult] Login(ProductsApi.Modules.Users.Application.DTOs.LoginDto) on controller ProductsApi.Modules.Users.UsersController (ProductsApi).
2026-09-05 14:43:49.759 +00:00 [INF] Executed DbCommand (1ms) [Parameters=[@__email_0='?'], CommandType='"Text"', CommandTimeout='30']
SELECT u."Id", u."CreatedAt", u."Email", u."Name", u."PasswordHash", u."Role"
FROM "Users" AS u
WHERE u."Email" = @__email_0
LIMIT 1
2026-09-05 14:43:49.858 +00:00 [INF] Executing OkObjectResult, writing value of type 'ProductsApi.Modules.Users.Application.DTOs.AuthResponse'.
2026-09-05 14:43:49.859 +00:00 [INF] Executed action ProductsApi.Modules.Users.UsersController.Login (ProductsApi) in 101.1323ms
2026-09-05 14:43:49.859 +00:00 [INF] Executed endpoint 'ProductsApi.Modules.Users.UsersController.Login (ProductsApi)'
2026-09-05 14:43:49.860 +00:00 [INF] HTTP POST /users/login responded 200 in 102.6850 ms
2026-09-05 14:43:49.860 +00:00 [INF] Request finished HTTP/1.1 POST http://localhost:8080/users/login - 200 null application/json; charset=utf-8 103.6723ms
2026-09-05 14:45:20.643 +00:00 [INF] Request starting HTTP/1.1 POST http://localhost:8080/users/login - application/json 55
2026-09-05 14:45:20.644 +00:00 [INF] Executing endpoint 'ProductsApi.Modules.Users.UsersController.Login (ProductsApi)'
2026-09-05 14:45:20.648 +00:00 [INF] Route matched with {action = "Login", controller = "Users"}. Executing controller action with signature System.Threading.Tasks.Task`1[Microsoft.AspNetCore.Mvc.IActionResult] Login(ProductsApi.Modules.Users.Application.DTOs.LoginDto) on controller ProductsApi.Modules.Users.UsersController (ProductsApi).
2026-09-05 14:45:20.652 +00:00 [INF] Executed DbCommand (1ms) [Parameters=[@__email_0='?'], CommandType='"Text"', CommandTimeout='30']
SELECT u."Id", u."CreatedAt", u."Email", u."Name", u."PasswordHash", u."Role"
FROM "Users" AS u
WHERE u."Email" = @__email_0
LIMIT 1
2026-09-05 14:45:20.754 +00:00 [INF] Executing OkObjectResult, writing value of type 'ProductsApi.Modules.Users.Application.DTOs.AuthResponse'.
2026-09-05 14:45:20.755 +00:00 [INF] Executed action ProductsApi.Modules.Users.UsersController.Login (ProductsApi) in 107.2934ms
2026-09-05 14:45:20.756 +00:00 [INF] Executed endpoint 'ProductsApi.Modules.Users.UsersController.Login (ProductsApi)'
2026-09-05 14:45:20.756 +00:00 [INF] HTTP POST /users/login responded 200 in 111.7492 ms
2026-09-05 14:45:20.756 +00:00 [INF] Request finished HTTP/1.1 POST http://localhost:8080/users/login - 200 null application/json; charset=utf-8 112.9171ms
2026-09-05 14:45:21.727 +00:00 [INF] Request starting HTTP/1.1 POST http://localhost:8080/users/login - application/json 55
2026-09-05 14:45:21.728 +00:00 [INF] Executing endpoint 'ProductsApi.Modules.Users.UsersController.Login (ProductsApi)'
2026-09-05 14:45:21.728 +00:00 [INF] Route matched with {action = "Login", controller = "Users"}. Executing controller action with signature System.Threading.Tasks.Task`1[Microsoft.AspNetCore.Mvc.IActionResult] Login(ProductsApi.Modules.Users.Application.DTOs.LoginDto) on controller ProductsApi.Modules.Users.UsersController (ProductsApi).
2026-09-05 14:45:21.731 +00:00 [INF] Executed DbCommand (1ms) [Parameters=[@__email_0='?'], CommandType='"Text"', CommandTimeout='30']
SELECT u."Id", u."CreatedAt", u."Email", u."Name", u."PasswordHash", u."Role"
FROM "Users" AS u
WHERE u."Email" = @__email_0
LIMIT 1
2026-09-05 14:45:21.839 +00:00 [INF] Executing OkObjectResult, writing value of type 'ProductsApi.Modules.Users.Application.DTOs.AuthResponse'.
2026-09-05 14:45:21.839 +00:00 [INF] Executed action ProductsApi.Modules.Users.UsersController.Login (ProductsApi) in 111.0024ms
2026-09-05 14:45:21.840 +00:00 [INF] Executed endpoint 'ProductsApi.Modules.Users.UsersController.Login (ProductsApi)'
2026-09-05 14:45:21.840 +00:00 [INF] HTTP POST /users/login responded 200 in 112.5179 ms
2026-09-05 14:45:21.841 +00:00 [INF] Request finished HTTP/1.1 POST http://localhost:8080/users/login - 200 null application/json; charset=utf-8 114.113ms
2026-09-05 14:45:22.286 +00:00 [INF] Request starting HTTP/1.1 POST http://localhost:8080/users/login - application/json 55
2026-09-05 14:45:22.286 +00:00 [INF] Executing endpoint 'ProductsApi.Modules.Users.UsersController.Login (ProductsApi)'
2026-09-05 14:45:22.286 +00:00 [INF] Route matched with {action = "Login", controller = "Users"}. Executing controller action with signature System.Threading.Tasks.Task`1[Microsoft.AspNetCore.Mvc.IActionResult] Login(ProductsApi.Modules.Users.Application.DTOs.LoginDto) on controller ProductsApi.Modules.Users.UsersController (ProductsApi).
2026-09-05 14:45:22.288 +00:00 [INF] Executed DbCommand (1ms) [Parameters=[@__email_0='?'], CommandType='"Text"', CommandTimeout='30']
SELECT u."Id", u."CreatedAt", u."Email", u."Name", u."PasswordHash", u."Role"
FROM "Users" AS u
WHERE u."Email" = @__email_0
LIMIT 1
2026-09-05 14:45:22.389 +00:00 [INF] Executing OkObjectResult, writing value of type 'ProductsApi.Modules.Users.Application.DTOs.AuthResponse'.
2026-09-05 14:45:22.389 +00:00 [INF] Executed action ProductsApi.Modules.Users.UsersController.Login (ProductsApi) in 102.6723ms
2026-09-05 14:45:22.390 +00:00 [INF] Executed endpoint 'ProductsApi.Modules.Users.UsersController.Login (ProductsApi)'
2026-09-05 14:45:22.390 +00:00 [INF] HTTP POST /users/login responded 200 in 103.7518 ms
2026-09-05 14:45:22.390 +00:00 [INF] Request finished HTTP/1.1 POST http://localhost:8080/users/login - 200 null application/json; charset=utf-8 104.781ms
2026-09-05 14:45:22.786 +00:00 [INF] Request starting HTTP/1.1 POST http://localhost:8080/users/login - application/json 55
2026-09-05 14:45:22.787 +00:00 [INF] Executing endpoint 'ProductsApi.Modules.Users.UsersController.Login (ProductsApi)'
2026-09-05 14:45:22.787 +00:00 [INF] Route matched with {action = "Login", controller = "Users"}. Executing controller action with signature System.Threading.Tasks.Task`1[Microsoft.AspNetCore.Mvc.IActionResult] Login(ProductsApi.Modules.Users.Application.DTOs.LoginDto) on controller ProductsApi.Modules.Users.UsersController (ProductsApi).
2026-09-05 14:45:22.790 +00:00 [INF] Executed DbCommand (1ms) [Parameters=[@__email_0='?'], CommandType='"Text"', CommandTimeout='30']
SELECT u."Id", u."CreatedAt", u."Email", u."Name", u."PasswordHash", u."Role"
FROM "Users" AS u
WHERE u."Email" = @__email_0
LIMIT 1
2026-09-05 14:45:22.893 +00:00 [INF] Executing OkObjectResult, writing value of type 'ProductsApi.Modules.Users.Application.DTOs.AuthResponse'.
2026-09-05 14:45:22.893 +00:00 [INF] Executed action ProductsApi.Modules.Users.UsersController.Login (ProductsApi) in 105.3295ms
2026-09-05 14:45:22.893 +00:00 [INF] Executed endpoint 'ProductsApi.Modules.Users.UsersController.Login (ProductsApi)'
2026-09-05 14:45:22.893 +00:00 [INF] HTTP POST /users/login responded 200 in 106.7082 ms
2026-09-05 14:45:22.894 +00:00 [INF] Request finished HTTP/1.1 POST http://localhost:8080/users/login - 200 null application/json; charset=utf-8 107.7339ms
2026-09-05 14:45:23.320 +00:00 [INF] Request starting HTTP/1.1 POST http://localhost:8080/users/login - application/json 55
2026-09-05 14:45:23.320 +00:00 [INF] Executing endpoint 'ProductsApi.Modules.Users.UsersController.Login (ProductsApi)'
2026-09-05 14:45:23.321 +00:00 [INF] Route matched with {action = "Login", controller = "Users"}. Executing controller action with signature System.Threading.Tasks.Task`1[Microsoft.AspNetCore.Mvc.IActionResult] Login(ProductsApi.Modules.Users.Application.DTOs.LoginDto) on controller ProductsApi.Modules.Users.UsersController (ProductsApi).
2026-09-05 14:45:23.323 +00:00 [INF] Executed DbCommand (1ms) [Parameters=[@__email_0='?'], CommandType='"Text"', CommandTimeout='30']
SELECT u."Id", u."CreatedAt", u."Email", u."Name", u."PasswordHash", u."Role"
FROM "Users" AS u
WHERE u."Email" = @__email_0
LIMIT 1
2026-09-05 14:45:23.421 +00:00 [INF] Executing OkObjectResult, writing value of type 'ProductsApi.Modules.Users.Application.DTOs.AuthResponse'.
2026-09-05 14:45:23.422 +00:00 [INF] Executed action ProductsApi.Modules.Users.UsersController.Login (ProductsApi) in 100.8401ms
2026-09-05 14:45:23.422 +00:00 [INF] Executed endpoint 'ProductsApi.Modules.Users.UsersController.Login (ProductsApi)'
2026-09-05 14:45:23.422 +00:00 [INF] HTTP POST /users/login responded 200 in 101.9307 ms
2026-09-05 14:45:23.423 +00:00 [INF] Request finished HTTP/1.1 POST http://localhost:8080/users/login - 200 null application/json; charset=utf-8 103.1274ms
2026-09-05 14:45:23.810 +00:00 [INF] Request starting HTTP/1.1 POST http://localhost:8080/users/login - application/json 55
2026-09-05 14:45:23.811 +00:00 [INF] Executing endpoint 'ProductsApi.Modules.Users.UsersController.Login (ProductsApi)'
2026-09-05 14:45:23.811 +00:00 [INF] Route matched with {action = "Login", controller = "Users"}. Executing controller action with signature System.Threading.Tasks.Task`1[Microsoft.AspNetCore.Mvc.IActionResult] Login(ProductsApi.Modules.Users.Application.DTOs.LoginDto) on controller ProductsApi.Modules.Users.UsersController (ProductsApi).
2026-09-05 14:45:23.813 +00:00 [INF] Executed DbCommand (1ms) [Parameters=[@__email_0='?'], CommandType='"Text"', CommandTimeout='30']
SELECT u."Id", u."CreatedAt", u."Email", u."Name", u."PasswordHash", u."Role"
FROM "Users" AS u
WHERE u."Email" = @__email_0
LIMIT 1
2026-09-05 14:45:23.913 +00:00 [INF] Executing OkObjectResult, writing value of type 'ProductsApi.Modules.Users.Application.DTOs.AuthResponse'.
2026-09-05 14:45:23.914 +00:00 [INF] Executed action ProductsApi.Modules.Users.UsersController.Login (ProductsApi) in 102.8412ms
2026-09-05 14:45:23.915 +00:00 [INF] Executed endpoint 'ProductsApi.Modules.Users.UsersController.Login (ProductsApi)'
2026-09-05 14:45:23.915 +00:00 [INF] HTTP POST /users/login responded 200 in 104.5476 ms
2026-09-05 14:45:23.916 +00:00 [INF] Request finished HTTP/1.1 POST http://localhost:8080/users/login - 200 null application/json; charset=utf-8 106.0941ms
2026-09-05 14:45:24.331 +00:00 [INF] Request starting HTTP/1.1 POST http://localhost:8080/users/login - application/json 55
2026-09-05 14:45:24.332 +00:00 [INF] Executing endpoint 'ProductsApi.Modules.Users.UsersController.Login (ProductsApi)'
2026-09-05 14:45:24.332 +00:00 [INF] Route matched with {action = "Login", controller = "Users"}. Executing controller action with signature System.Threading.Tasks.Task`1[Microsoft.AspNetCore.Mvc.IActionResult] Login(ProductsApi.Modules.Users.Application.DTOs.LoginDto) on controller ProductsApi.Modules.Users.UsersController (ProductsApi).
2026-09-05 14:45:24.335 +00:00 [INF] Executed DbCommand (1ms) [Parameters=[@__email_0='?'], CommandType='"Text"', CommandTimeout='30']
SELECT u."Id", u."CreatedAt", u."Email", u."Name", u."PasswordHash", u."Role"
FROM "Users" AS u
WHERE u."Email" = @__email_0
LIMIT 1
2026-09-05 14:45:24.434 +00:00 [INF] Executing OkObjectResult, writing value of type 'ProductsApi.Modules.Users.Application.DTOs.AuthResponse'.
2026-09-05 14:45:24.435 +00:00 [INF] Executed action ProductsApi.Modules.Users.UsersController.Login (ProductsApi) in 101.801ms
2026-09-05 14:45:24.435 +00:00 [INF] Executed endpoint 'ProductsApi.Modules.Users.UsersController.Login (ProductsApi)'
2026-09-05 14:45:24.435 +00:00 [INF] HTTP POST /users/login responded 200 in 102.9916 ms
2026-09-05 14:45:24.436 +00:00 [INF] Request finished HTTP/1.1 POST http://localhost:8080/users/login - 200 null application/json; charset=utf-8 104.1787ms
2026-09-05 14:45:24.742 +00:00 [INF] Request starting HTTP/1.1 POST http://localhost:8080/users/login - application/json 55
2026-09-05 14:45:24.743 +00:00 [INF] Executing endpoint 'ProductsApi.Modules.Users.UsersController.Login (ProductsApi)'
2026-09-05 14:45:24.743 +00:00 [INF] Route matched with {action = "Login", controller = "Users"}. Executing controller action with signature System.Threading.Tasks.Task`1[Microsoft.AspNetCore.Mvc.IActionResult] Login(ProductsApi.Modules.Users.Application.DTOs.LoginDto) on controller ProductsApi.Modules.Users.UsersController (ProductsApi).
2026-09-05 14:45:24.745 +00:00 [INF] Executed DbCommand (1ms) [Parameters=[@__email_0='?'], CommandType='"Text"', CommandTimeout='30']
SELECT u."Id", u."CreatedAt", u."Email", u."Name", u."PasswordHash", u."Role"
FROM "Users" AS u
WHERE u."Email" = @__email_0
LIMIT 1
2026-09-05 14:45:24.846 +00:00 [INF] Executing OkObjectResult, writing value of type 'ProductsApi.Modules.Users.Application.DTOs.AuthResponse'.
2026-09-05 14:45:24.847 +00:00 [INF] Executed action ProductsApi.Modules.Users.UsersController.Login (ProductsApi) in 103.035ms
2026-09-05 14:45:24.847 +00:00 [INF] Executed endpoint 'ProductsApi.Modules.Users.UsersController.Login (ProductsApi)'
2026-09-05 14:45:24.847 +00:00 [INF] HTTP POST /users/login responded 200 in 104.1759 ms
2026-09-05 14:45:24.847 +00:00 [INF] Request finished HTTP/1.1 POST http://localhost:8080/users/login - 200 null application/json; charset=utf-8 104.9683ms
2026-09-05 14:45:24.959 +00:00 [INF] Request starting HTTP/1.1 POST http://localhost:8080/users/login - application/json 55
2026-09-05 14:45:24.959 +00:00 [INF] Executing endpoint 'ProductsApi.Modules.Users.UsersController.Login (ProductsApi)'
2026-09-05 14:45:24.960 +00:00 [INF] Route matched with {action = "Login", controller = "Users"}. Executing controller action with signature System.Threading.Tasks.Task`1[Microsoft.AspNetCore.Mvc.IActionResult] Login(ProductsApi.Modules.Users.Application.DTOs.LoginDto) on controller ProductsApi.Modules.Users.UsersController (ProductsApi).
2026-09-05 14:45:24.962 +00:00 [INF] Executed DbCommand (1ms) [Parameters=[@__email_0='?'], CommandType='"Text"', CommandTimeout='30']
SELECT u."Id", u."CreatedAt", u."Email", u."Name", u."PasswordHash", u."Role"
FROM "Users" AS u
WHERE u."Email" = @__email_0
LIMIT 1
2026-09-05 14:45:25.060 +00:00 [INF] Executing OkObjectResult, writing value of type 'ProductsApi.Modules.Users.Application.DTOs.AuthResponse'.
2026-09-05 14:45:25.060 +00:00 [INF] Executed action ProductsApi.Modules.Users.UsersController.Login (ProductsApi) in 100.5151ms
2026-09-05 14:45:25.061 +00:00 [INF] Executed endpoint 'ProductsApi.Modules.Users.UsersController.Login (ProductsApi)'
2026-09-05 14:45:25.061 +00:00 [INF] HTTP POST /users/login responded 200 in 101.5817 ms
2026-09-05 14:45:25.061 +00:00 [INF] Request finished HTTP/1.1 POST http://localhost:8080/users/login - 200 null application/json; charset=utf-8 102.5092ms
2026-09-05 14:45:25.262 +00:00 [INF] Request starting HTTP/1.1 POST http://localhost:8080/users/login - application/json 55
2026-09-05 14:45:25.263 +00:00 [INF] Executing endpoint 'ProductsApi.Modules.Users.UsersController.Login (ProductsApi)'
2026-09-05 14:45:25.263 +00:00 [INF] Route matched with {action = "Login", controller = "Users"}. Executing controller action with signature System.Threading.Tasks.Task`1[Microsoft.AspNetCore.Mvc.IActionResult] Login(ProductsApi.Modules.Users.Application.DTOs.LoginDto) on controller ProductsApi.Modules.Users.UsersController (ProductsApi).
2026-09-05 14:45:25.266 +00:00 [INF] Executed DbCommand (1ms) [Parameters=[@__email_0='?'], CommandType='"Text"', CommandTimeout='30']
SELECT u."Id", u."CreatedAt", u."Email", u."Name", u."PasswordHash", u."Role"
FROM "Users" AS u
WHERE u."Email" = @__email_0
LIMIT 1
2026-09-05 14:45:25.365 +00:00 [INF] Executing OkObjectResult, writing value of type 'ProductsApi.Modules.Users.Application.DTOs.AuthResponse'.
2026-09-05 14:45:25.366 +00:00 [INF] Executed action ProductsApi.Modules.Users.UsersController.Login (ProductsApi) in 102.0827ms
2026-09-05 14:45:25.366 +00:00 [INF] Executed endpoint 'ProductsApi.Modules.Users.UsersController.Login (ProductsApi)'
2026-09-05 14:45:25.366 +00:00 [INF] HTTP POST /users/login responded 200 in 103.3506 ms
2026-09-05 14:45:25.367 +00:00 [INF] Request finished HTTP/1.1 POST http://localhost:8080/users/login - 200 null application/json; charset=utf-8 104.6297ms
2026-09-05 14:45:25.468 +00:00 [INF] Request starting HTTP/1.1 POST http://localhost:8080/users/login - application/json 55
2026-09-05 14:45:25.469 +00:00 [INF] Executing endpoint 'ProductsApi.Modules.Users.UsersController.Login (ProductsApi)'
2026-09-05 14:45:25.469 +00:00 [INF] Route matched with {action = "Login", controller = "Users"}. Executing controller action with signature System.Threading.Tasks.Task`1[Microsoft.AspNetCore.Mvc.IActionResult] Login(ProductsApi.Modules.Users.Application.DTOs.LoginDto) on controller ProductsApi.Modules.Users.UsersController (ProductsApi).
2026-09-05 14:45:25.471 +00:00 [INF] Executed DbCommand (1ms) [Parameters=[@__email_0='?'], CommandType='"Text"', CommandTimeout='30']
SELECT u."Id", u."CreatedAt", u."Email", u."Name", u."PasswordHash", u."Role"
FROM "Users" AS u
WHERE u."Email" = @__email_0
LIMIT 1
2026-09-05 14:45:25.569 +00:00 [INF] Executing OkObjectResult, writing value of type 'ProductsApi.Modules.Users.Application.DTOs.AuthResponse'.
2026-09-05 14:45:25.570 +00:00 [INF] Executed action ProductsApi.Modules.Users.UsersController.Login (ProductsApi) in 100.241ms
2026-09-05 14:45:25.570 +00:00 [INF] Executed endpoint 'ProductsApi.Modules.Users.UsersController.Login (ProductsApi)'
2026-09-05 14:45:25.570 +00:00 [INF] HTTP POST /users/login responded 200 in 101.5650 ms
2026-09-05 14:45:25.571 +00:00 [INF] Request finished HTTP/1.1 POST http://localhost:8080/users/login - 200 null application/json; charset=utf-8 102.5102ms
2026-09-05 14:45:25.696 +00:00 [INF] Request starting HTTP/1.1 POST http://localhost:8080/users/login - application/json 55
2026-09-05 14:45:25.696 +00:00 [INF] Executing endpoint 'ProductsApi.Modules.Users.UsersController.Login (ProductsApi)'
2026-09-05 14:45:25.697 +00:00 [INF] Route matched with {action = "Login", controller = "Users"}. Executing controller action with signature System.Threading.Tasks.Task`1[Microsoft.AspNetCore.Mvc.IActionResult] Login(ProductsApi.Modules.Users.Application.DTOs.LoginDto) on controller ProductsApi.Modules.Users.UsersController (ProductsApi).
2026-09-05 14:45:25.699 +00:00 [INF] Executed DbCommand (1ms) [Parameters=[@__email_0='?'], CommandType='"Text"', CommandTimeout='30']
SELECT u."Id", u."CreatedAt", u."Email", u."Name", u."PasswordHash", u."Role"
FROM "Users" AS u
WHERE u."Email" = @__email_0
LIMIT 1
2026-09-05 14:45:25.798 +00:00 [INF] Executing OkObjectResult, writing value of type 'ProductsApi.Modules.Users.Application.DTOs.AuthResponse'.
2026-09-05 14:45:25.798 +00:00 [INF] Executed action ProductsApi.Modules.Users.UsersController.Login (ProductsApi) in 100.9379ms
2026-09-05 14:45:25.798 +00:00 [INF] Executed endpoint 'ProductsApi.Modules.Users.UsersController.Login (ProductsApi)'
2026-09-05 14:45:25.799 +00:00 [INF] HTTP POST /users/login responded 200 in 102.3891 ms
2026-09-05 14:45:25.799 +00:00 [INF] Request finished HTTP/1.1 POST http://localhost:8080/users/login - 200 null application/json; charset=utf-8 103.391ms
2026-09-05 14:45:25.895 +00:00 [INF] Request starting HTTP/1.1 POST http://localhost:8080/users/login - application/json 55
2026-09-05 14:45:25.895 +00:00 [INF] Executing endpoint 'ProductsApi.Modules.Users.UsersController.Login (ProductsApi)'
2026-09-05 14:45:25.896 +00:00 [INF] Route matched with {action = "Login", controller = "Users"}. Executing controller action with signature System.Threading.Tasks.Task`1[Microsoft.AspNetCore.Mvc.IActionResult] Login(ProductsApi.Modules.Users.Application.DTOs.LoginDto) on controller ProductsApi.Modules.Users.UsersController (ProductsApi).
2026-09-05 14:45:25.898 +00:00 [INF] Executed DbCommand (1ms) [Parameters=[@__email_0='?'], CommandType='"Text"', CommandTimeout='30']
SELECT u."Id", u."CreatedAt", u."Email", u."Name", u."PasswordHash", u."Role"
FROM "Users" AS u
WHERE u."Email" = @__email_0
LIMIT 1
2026-09-05 14:45:25.997 +00:00 [INF] Executing OkObjectResult, writing value of type 'ProductsApi.Modules.Users.Application.DTOs.AuthResponse'.
2026-09-05 14:45:25.997 +00:00 [INF] Executed action ProductsApi.Modules.Users.UsersController.Login (ProductsApi) in 101.2268ms
2026-09-05 14:45:25.997 +00:00 [INF] Executed endpoint 'ProductsApi.Modules.Users.UsersController.Login (ProductsApi)'
2026-09-05 14:45:25.998 +00:00 [INF] HTTP POST /users/login responded 200 in 102.4132 ms
2026-09-05 14:45:25.998 +00:00 [INF] Request finished HTTP/1.1 POST http://localhost:8080/users/login - 200 null application/json; charset=utf-8 103.5424ms
2026-09-05 14:45:26.078 +00:00 [INF] Request starting HTTP/1.1 POST http://localhost:8080/users/login - application/json 55
2026-09-05 14:45:26.078 +00:00 [INF] Executing endpoint 'ProductsApi.Modules.Users.UsersController.Login (ProductsApi)'
2026-09-05 14:45:26.078 +00:00 [INF] Route matched with {action = "Login", controller = "Users"}. Executing controller action with signature System.Threading.Tasks.Task`1[Microsoft.AspNetCore.Mvc.IActionResult] Login(ProductsApi.Modules.Users.Application.DTOs.LoginDto) on controller ProductsApi.Modules.Users.UsersController (ProductsApi).
2026-09-05 14:45:26.080 +00:00 [INF] Executed DbCommand (1ms) [Parameters=[@__email_0='?'], CommandType='"Text"', CommandTimeout='30']
SELECT u."Id", u."CreatedAt", u."Email", u."Name", u."PasswordHash", u."Role"
FROM "Users" AS u
WHERE u."Email" = @__email_0
LIMIT 1
2026-09-05 14:45:26.179 +00:00 [INF] Executing OkObjectResult, writing value of type 'ProductsApi.Modules.Users.Application.DTOs.AuthResponse'.
2026-09-05 14:45:26.180 +00:00 [INF] Executed action ProductsApi.Modules.Users.UsersController.Login (ProductsApi) in 100.9382ms
2026-09-05 14:45:26.180 +00:00 [INF] Executed endpoint 'ProductsApi.Modules.Users.UsersController.Login (ProductsApi)'
2026-09-05 14:45:26.180 +00:00 [INF] HTTP POST /users/login responded 200 in 102.2957 ms
2026-09-05 14:45:26.181 +00:00 [INF] Request finished HTTP/1.1 POST http://localhost:8080/users/login - 200 null application/json; charset=utf-8 103.202ms
2026-09-05 14:45:26.267 +00:00 [INF] Request starting HTTP/1.1 POST http://localhost:8080/users/login - application/json 55
2026-09-05 14:45:26.268 +00:00 [INF] Executing endpoint 'ProductsApi.Modules.Users.UsersController.Login (ProductsApi)'
2026-09-05 14:45:26.268 +00:00 [INF] Route matched with {action = "Login", controller = "Users"}. Executing controller action with signature System.Threading.Tasks.Task`1[Microsoft.AspNetCore.Mvc.IActionResult] Login(ProductsApi.Modules.Users.Application.DTOs.LoginDto) on controller ProductsApi.Modules.Users.UsersController (ProductsApi).
2026-09-05 14:45:26.270 +00:00 [INF] Executed DbCommand (1ms) [Parameters=[@__email_0='?'], CommandType='"Text"', CommandTimeout='30']
SELECT u."Id", u."CreatedAt", u."Email", u."Name", u."PasswordHash", u."Role"
FROM "Users" AS u
WHERE u."Email" = @__email_0
LIMIT 1
2026-09-05 14:45:26.369 +00:00 [INF] Executing OkObjectResult, writing value of type 'ProductsApi.Modules.Users.Application.DTOs.AuthResponse'.
2026-09-05 14:45:26.369 +00:00 [INF] Executed action ProductsApi.Modules.Users.UsersController.Login (ProductsApi) in 100.5554ms
2026-09-05 14:45:26.369 +00:00 [INF] Executed endpoint 'ProductsApi.Modules.Users.UsersController.Login (ProductsApi)'
2026-09-05 14:45:26.370 +00:00 [INF] HTTP POST /users/login responded 200 in 101.9136 ms
2026-09-05 14:45:26.370 +00:00 [INF] Request finished HTTP/1.1 POST http://localhost:8080/users/login - 200 null application/json; charset=utf-8 103.0111ms
2026-09-05 14:45:26.451 +00:00 [INF] Request starting HTTP/1.1 POST http://localhost:8080/users/login - application/json 55
2026-09-05 14:45:26.452 +00:00 [INF] Executing endpoint 'ProductsApi.Modules.Users.UsersController.Login (ProductsApi)'
2026-09-05 14:45:26.452 +00:00 [INF] Route matched with {action = "Login", controller = "Users"}. Executing controller action with signature System.Threading.Tasks.Task`1[Microsoft.AspNetCore.Mvc.IActionResult] Login(ProductsApi.Modules.Users.Application.DTOs.LoginDto) on controller ProductsApi.Modules.Users.UsersController (ProductsApi).
2026-09-05 14:45:26.454 +00:00 [INF] Executed DbCommand (1ms) [Parameters=[@__email_0='?'], CommandType='"Text"', CommandTimeout='30']
SELECT u."Id", u."CreatedAt", u."Email", u."Name", u."PasswordHash", u."Role"
FROM "Users" AS u
WHERE u."Email" = @__email_0
LIMIT 1
2026-09-05 14:45:26.563 +00:00 [INF] Executing OkObjectResult, writing value of type 'ProductsApi.Modules.Users.Application.DTOs.AuthResponse'.
2026-09-05 14:45:26.563 +00:00 [INF] Executed action ProductsApi.Modules.Users.UsersController.Login (ProductsApi) in 111.2573ms
2026-09-05 14:45:26.564 +00:00 [INF] Executed endpoint 'ProductsApi.Modules.Users.UsersController.Login (ProductsApi)'
2026-09-05 14:45:26.564 +00:00 [INF] HTTP POST /users/login responded 200 in 112.3682 ms
2026-09-05 14:45:26.564 +00:00 [INF] Request finished HTTP/1.1 POST http://localhost:8080/users/login - 200 null application/json; charset=utf-8 113.2676ms
2026-09-05 14:45:28.916 +00:00 [INF] Application is shutting down...
2026-09-05 14:45:42.291 +00:00 [WRN] Storing keys in a directory '/root/.aspnet/DataProtection-Keys' that may not be persisted outside of the container. Protected data will be unavailable when container is destroyed. For more information go to https://aka.ms/aspnet/dataprotectionwarning
2026-09-05 14:45:42.320 +00:00 [INF] User profile is available. Using '/root/.aspnet/DataProtection-Keys' as key repository; keys will not be encrypted at rest.
2026-09-05 14:45:42.328 +00:00 [INF] Creating key {04b9cd66-29ba-41c6-8c9f-c854b147ec89} with creation date 2026-09-05 14:45:42Z, activation date 2026-09-05 14:45:42Z, and expiration date 2026-12-04 14:45:42Z.
2026-09-05 14:45:42.337 +00:00 [WRN] No XML encryptor configured. Key {04b9cd66-29ba-41c6-8c9f-c854b147ec89} may be persisted to storage in unencrypted form.
2026-09-05 14:45:42.341 +00:00 [INF] Writing data to file '/root/.aspnet/DataProtection-Keys/key-04b9cd66-29ba-41c6-8c9f-c854b147ec89.xml'.
2026-09-05 14:45:42.349 +00:00 [WRN] Overriding HTTP_PORTS '8080' and HTTPS_PORTS ''. Binding to values defined by URLS instead 'http://+:8080'.
2026-09-05 14:45:42.376 +00:00 [INF] Now listening on: http://[::]:8080
2026-09-05 14:45:42.377 +00:00 [INF] Application started. Press Ctrl+C to shut down.
2026-09-05 14:45:42.377 +00:00 [INF] Hosting environment: Development
2026-09-05 14:45:42.377 +00:00 [INF] Content root path: /src
2026-09-05 14:45:49.457 +00:00 [INF] Request starting HTTP/1.1 POST http://localhost:8080/users/login - application/json 55
2026-09-05 14:45:49.494 +00:00 [INF] Executing endpoint 'ProductsApi.Modules.Users.UsersController.Login (ProductsApi)'
2026-09-05 14:45:49.510 +00:00 [INF] Route matched with {action = "Login", controller = "Users"}. Executing controller action with signature System.Threading.Tasks.Task`1[Microsoft.AspNetCore.Mvc.IActionResult] Login(ProductsApi.Modules.Users.Application.DTOs.LoginDto) on controller ProductsApi.Modules.Users.UsersController (ProductsApi).
2026-09-05 14:45:49.877 +00:00 [INF] Executed action ProductsApi.Modules.Users.UsersController.Login (ProductsApi) in 364.1147ms
2026-09-05 14:45:49.879 +00:00 [INF] Executed endpoint 'ProductsApi.Modules.Users.UsersController.Login (ProductsApi)'
2026-09-05 14:45:49.880 +00:00 [ERR] Erro não tratado: Unexpected end of request content. | Path: /users/login | Method: POST
Microsoft.AspNetCore.Server.Kestrel.Core.BadHttpRequestException: Unexpected end of request content.
   at Microsoft.AspNetCore.Server.Kestrel.Core.Internal.Http.Http1ContentLengthMessageBody.ReadAsyncInternal(CancellationToken cancellationToken)
   at System.Runtime.CompilerServices.PoolingAsyncValueTaskMethodBuilder`1.StateMachineBox`1.System.Threading.Tasks.Sources.IValueTaskSource<TResult>.GetResult(Int16 token)
   at Microsoft.AspNetCore.Server.Kestrel.Core.Internal.Http.HttpRequestStream.ReadAsyncInternal(Memory`1 destination, CancellationToken cancellationToken)
   at System.Runtime.CompilerServices.PoolingAsyncValueTaskMethodBuilder`1.StateMachineBox`1.System.Threading.Tasks.Sources.IValueTaskSource<TResult>.GetResult(Int16 token)
   at System.Text.Json.Serialization.ReadBufferState.ReadFromStreamAsync(Stream utf8Json, CancellationToken cancellationToken, Boolean fillBuffer)
   at System.Text.Json.Serialization.Metadata.JsonTypeInfo`1.DeserializeAsync(Stream utf8Json, CancellationToken cancellationToken)
   at System.Text.Json.Serialization.Metadata.JsonTypeInfo`1.DeserializeAsObjectAsync(Stream utf8Json, CancellationToken cancellationToken)
   at Microsoft.AspNetCore.Mvc.Formatters.SystemTextJsonInputFormatter.ReadRequestBodyAsync(InputFormatterContext context, Encoding encoding)
   at Microsoft.AspNetCore.Mvc.Formatters.SystemTextJsonInputFormatter.ReadRequestBodyAsync(InputFormatterContext context, Encoding encoding)
   at Microsoft.AspNetCore.Mvc.ModelBinding.Binders.BodyModelBinder.BindModelAsync(ModelBindingContext bindingContext)
   at Microsoft.AspNetCore.Mvc.ModelBinding.ParameterBinder.BindModelAsync(ActionContext actionContext, IModelBinder modelBinder, IValueProvider valueProvider, ParameterDescriptor parameter, ModelMetadata metadata, Object value, Object container)
   at Microsoft.AspNetCore.Mvc.Controllers.ControllerBinderDelegateProvider.<>c__DisplayClass0_0.<<CreateBinderDelegate>g__Bind|0>d.MoveNext()
--- End of stack trace from previous location ---
   at Microsoft.AspNetCore.Mvc.Infrastructure.ControllerActionInvoker.<InvokeInnerFilterAsync>g__Awaited|13_0(ControllerActionInvoker invoker, Task lastTask, State next, Scope scope, Object state, Boolean isCompleted)
   at Microsoft.AspNetCore.Mvc.Infrastructure.ResourceInvoker.<InvokeFilterPipelineAsync>g__Awaited|20_0(ResourceInvoker invoker, Task lastTask, State next, Scope scope, Object state, Boolean isCompleted)
   at Microsoft.AspNetCore.Mvc.Infrastructure.ResourceInvoker.<InvokeAsync>g__Logged|17_1(ResourceInvoker invoker)
   at Microsoft.AspNetCore.Mvc.Infrastructure.ResourceInvoker.<InvokeAsync>g__Logged|17_1(ResourceInvoker invoker)
   at Microsoft.AspNetCore.Routing.EndpointMiddleware.<Invoke>g__AwaitRequestTask|7_0(Endpoint endpoint, Task requestTask, ILogger logger)
   at Microsoft.AspNetCore.Authorization.AuthorizationMiddleware.Invoke(HttpContext context)
   at Microsoft.AspNetCore.Authentication.AuthenticationMiddleware.Invoke(HttpContext context)
   at ProductsApi.Infrastructure.Middleware.GlobalExceptionMiddleware.InvokeAsync(HttpContext context) in /src/src/Infrastructure/Middleware/GlobalExceptionMiddleware.cs:line 13
2026-09-05 14:45:49.898 +00:00 [ERR] HTTP POST /users/login responded 500 in 422.9236 ms
2026-09-05 14:45:49.902 +00:00 [INF] Request finished HTTP/1.1 POST http://localhost:8080/users/login - 500 null application/json 445.5272ms
2026-09-05 14:45:51.306 +00:00 [INF] Request starting HTTP/1.1 POST http://localhost:8080/users/login - application/json 55
2026-09-05 14:45:51.310 +00:00 [INF] Executing endpoint 'ProductsApi.Modules.Users.UsersController.Login (ProductsApi)'
2026-09-05 14:45:51.311 +00:00 [INF] Route matched with {action = "Login", controller = "Users"}. Executing controller action with signature System.Threading.Tasks.Task`1[Microsoft.AspNetCore.Mvc.IActionResult] Login(ProductsApi.Modules.Users.Application.DTOs.LoginDto) on controller ProductsApi.Modules.Users.UsersController (ProductsApi).
2026-09-05 14:45:51.630 +00:00 [INF] Executed DbCommand (29ms) [Parameters=[@__email_0='?'], CommandType='"Text"', CommandTimeout='30']
SELECT u."Id", u."CreatedAt", u."Email", u."Name", u."PasswordHash", u."Role"
FROM "Users" AS u
WHERE u."Email" = @__email_0
LIMIT 1
2026-09-05 14:45:52.040 +00:00 [INF] Executing OkObjectResult, writing value of type 'ProductsApi.Modules.Users.Application.DTOs.AuthResponse'.
2026-09-05 14:45:52.046 +00:00 [INF] Executed action ProductsApi.Modules.Users.UsersController.Login (ProductsApi) in 733.7388ms
2026-09-05 14:45:52.046 +00:00 [INF] Executed endpoint 'ProductsApi.Modules.Users.UsersController.Login (ProductsApi)'
2026-09-05 14:45:52.047 +00:00 [INF] HTTP POST /users/login responded 200 in 738.6353 ms
2026-09-05 14:45:52.051 +00:00 [INF] Request finished HTTP/1.1 POST http://localhost:8080/users/login - 200 null application/json; charset=utf-8 745.4228ms
2026-09-05 14:45:52.846 +00:00 [INF] Request starting HTTP/1.1 POST http://localhost:8080/users/login - application/json 55
2026-09-05 14:45:52.847 +00:00 [INF] Executing endpoint 'ProductsApi.Modules.Users.UsersController.Login (ProductsApi)'
2026-09-05 14:45:52.848 +00:00 [INF] Route matched with {action = "Login", controller = "Users"}. Executing controller action with signature System.Threading.Tasks.Task`1[Microsoft.AspNetCore.Mvc.IActionResult] Login(ProductsApi.Modules.Users.Application.DTOs.LoginDto) on controller ProductsApi.Modules.Users.UsersController (ProductsApi).
2026-09-05 14:45:52.860 +00:00 [INF] Executed DbCommand (2ms) [Parameters=[@__email_0='?'], CommandType='"Text"', CommandTimeout='30']
SELECT u."Id", u."CreatedAt", u."Email", u."Name", u."PasswordHash", u."Role"
FROM "Users" AS u
WHERE u."Email" = @__email_0
LIMIT 1
2026-09-05 14:45:53.127 +00:00 [INF] Executing OkObjectResult, writing value of type 'ProductsApi.Modules.Users.Application.DTOs.AuthResponse'.
2026-09-05 14:45:53.128 +00:00 [INF] Executed action ProductsApi.Modules.Users.UsersController.Login (ProductsApi) in 279.9077ms
2026-09-05 14:45:53.128 +00:00 [INF] Executed endpoint 'ProductsApi.Modules.Users.UsersController.Login (ProductsApi)'
2026-09-05 14:45:53.129 +00:00 [INF] HTTP POST /users/login responded 200 in 282.4869 ms
2026-09-05 14:45:53.129 +00:00 [INF] Request finished HTTP/1.1 POST http://localhost:8080/users/login - 200 null application/json; charset=utf-8 283.5473ms
2026-09-05 14:45:53.668 +00:00 [INF] Request starting HTTP/1.1 POST http://localhost:8080/users/login - application/json 55
2026-09-05 14:45:53.669 +00:00 [INF] Executing endpoint 'ProductsApi.Modules.Users.UsersController.Login (ProductsApi)'
2026-09-05 14:45:53.669 +00:00 [INF] Route matched with {action = "Login", controller = "Users"}. Executing controller action with signature System.Threading.Tasks.Task`1[Microsoft.AspNetCore.Mvc.IActionResult] Login(ProductsApi.Modules.Users.Application.DTOs.LoginDto) on controller ProductsApi.Modules.Users.UsersController (ProductsApi).
2026-09-05 14:45:53.672 +00:00 [INF] Executed DbCommand (1ms) [Parameters=[@__email_0='?'], CommandType='"Text"', CommandTimeout='30']
SELECT u."Id", u."CreatedAt", u."Email", u."Name", u."PasswordHash", u."Role"
FROM "Users" AS u
WHERE u."Email" = @__email_0
LIMIT 1
2026-09-05 14:45:53.771 +00:00 [INF] Executing OkObjectResult, writing value of type 'ProductsApi.Modules.Users.Application.DTOs.AuthResponse'.
2026-09-05 14:45:53.771 +00:00 [INF] Executed action ProductsApi.Modules.Users.UsersController.Login (ProductsApi) in 102.1077ms
2026-09-05 14:45:53.772 +00:00 [INF] Executed endpoint 'ProductsApi.Modules.Users.UsersController.Login (ProductsApi)'
2026-09-05 14:45:53.772 +00:00 [INF] HTTP POST /users/login responded 200 in 103.4037 ms
2026-09-05 14:45:53.772 +00:00 [INF] Request finished HTTP/1.1 POST http://localhost:8080/users/login - 200 null application/json; charset=utf-8 104.4295ms
2026-09-05 14:45:54.377 +00:00 [INF] Request starting HTTP/1.1 POST http://localhost:8080/users/login - application/json 55
2026-09-05 14:45:54.378 +00:00 [INF] Executing endpoint 'ProductsApi.Modules.Users.UsersController.Login (ProductsApi)'
2026-09-05 14:45:54.378 +00:00 [INF] Route matched with {action = "Login", controller = "Users"}. Executing controller action with signature System.Threading.Tasks.Task`1[Microsoft.AspNetCore.Mvc.IActionResult] Login(ProductsApi.Modules.Users.Application.DTOs.LoginDto) on controller ProductsApi.Modules.Users.UsersController (ProductsApi).
2026-09-05 14:45:54.381 +00:00 [INF] Executed DbCommand (1ms) [Parameters=[@__email_0='?'], CommandType='"Text"', CommandTimeout='30']
SELECT u."Id", u."CreatedAt", u."Email", u."Name", u."PasswordHash", u."Role"
FROM "Users" AS u
WHERE u."Email" = @__email_0
LIMIT 1
2026-09-05 14:45:54.479 +00:00 [INF] Executing OkObjectResult, writing value of type 'ProductsApi.Modules.Users.Application.DTOs.AuthResponse'.
2026-09-05 14:45:54.480 +00:00 [INF] Executed action ProductsApi.Modules.Users.UsersController.Login (ProductsApi) in 100.9499ms
2026-09-05 14:45:54.480 +00:00 [INF] Executed endpoint 'ProductsApi.Modules.Users.UsersController.Login (ProductsApi)'
2026-09-05 14:45:54.480 +00:00 [INF] HTTP POST /users/login responded 200 in 102.1847 ms
2026-09-05 14:45:54.481 +00:00 [INF] Request finished HTTP/1.1 POST http://localhost:8080/users/login - 200 null application/json; charset=utf-8 103.508ms
2026-09-05 14:45:54.969 +00:00 [INF] Request starting HTTP/1.1 POST http://localhost:8080/users/login - application/json 55
2026-09-05 14:45:54.971 +00:00 [INF] HTTP POST /users/login responded 429 in 1.1067 ms
2026-09-05 14:45:54.972 +00:00 [INF] Request finished HTTP/1.1 POST http://localhost:8080/users/login - 429 null null 2.5911ms
2026-09-05 14:45:55.439 +00:00 [INF] Request starting HTTP/1.1 POST http://localhost:8080/users/login - application/json 55
2026-09-05 14:45:55.439 +00:00 [INF] HTTP POST /users/login responded 429 in 0.2605 ms
2026-09-05 14:45:55.440 +00:00 [INF] Request finished HTTP/1.1 POST http://localhost:8080/users/login - 429 null null 1.227ms
2026-09-05 14:45:57.275 +00:00 [INF] Request starting HTTP/1.1 POST http://localhost:8080/users/login - application/json 55
2026-09-05 14:45:57.276 +00:00 [INF] HTTP POST /users/login responded 429 in 0.1240 ms
2026-09-05 14:45:57.277 +00:00 [INF] Request finished HTTP/1.1 POST http://localhost:8080/users/login - 429 null null 0.9854ms
2026-09-05 14:45:57.962 +00:00 [INF] Request starting HTTP/1.1 POST http://localhost:8080/users/login - application/json 55
2026-09-05 14:45:57.963 +00:00 [INF] HTTP POST /users/login responded 429 in 0.1526 ms
2026-09-05 14:45:57.964 +00:00 [INF] Request finished HTTP/1.1 POST http://localhost:8080/users/login - 429 null null 1.1758ms
2026-09-05 14:45:58.586 +00:00 [INF] Request starting HTTP/1.1 POST http://localhost:8080/users/login - application/json 55
2026-09-05 14:45:58.587 +00:00 [INF] HTTP POST /users/login responded 429 in 0.2018 ms
2026-09-05 14:45:58.587 +00:00 [INF] Request finished HTTP/1.1 POST http://localhost:8080/users/login - 429 null null 1.2286ms
